<?xml version="1.0" encoding="UTF-8"?>
<osm version="0.6" generator="Overpass API 0.7.62.11 87bfad18">
<note>The data included in this document is from www.openstreetmap.org. The data is made available under ODbL.</note>
<meta osm_base="2026-09-04T06:51:21Z"/>

  <node id="60952254" lat="12.9709016" lon="77.6048071"/>
  <node id="60952264" lat="12.9698611" lon="77.6029825">
    <tag k="bus" v="yes"/>
    <tag k="name" v="St. Joseph's College"/>
    <tag k="name:en" v="St. Joseph's College"/>
    <tag k="name:kn" v="ಸೇಂಟ್ ಜೋಸೆಫ್ಸ್ ಕಾಲೇಜು"/>
    <tag k="network" v="BMTC"/>
    <tag k="operator" v="BMTC"/>
    <tag k="public_transport" v="stop_position"/>
  </node>
  <node id="245615180" lat="12.9677760" lon="77.5882547"/>
  <node id="246167200" lat="12.9673249" lon="77.5949443"/>
  <node id="246167202" lat="12.9676653" lon="77.5939120"/>
  <node id="246167203" lat="12.9680222" lon="77.5926290"/>
  <node id="246397920" lat="12.9722064" lon="77.5940110"/>
  <node id="246397921" lat="12.9736066" lon="77.5952234"/>
  <node id="246472362" lat="12.9737139" lon="77.5952048"/>
  <node id="248455457" lat="12.9651450" lon="77.5967546"/>
  <node id="248455465" lat="12.9679192" lon="77.6002120">
    <tag k="highway" v="traffic_signals"/>
    <tag k="note" v="no right turn, no left"/>
  </node>
  <node id="248455468" lat="12.9694188" lon="77.6024023"/>
  <node id="248459809" lat="12.9754775" lon="77.6016200"/>
  <node id="248459829" lat="12.9703365" lon="77.6007447"/>
  <node id="248459830" lat="12.9693306" lon="77.6005036"/>
  <node id="248459831" lat="12.9682990" lon="77.6002488"/>
  <node id="248459833" lat="12.9755781" lon="77.5998782"/>
  <node id="248459838" lat="12.9730942" lon="77.6010663"/>
  <node id="248459840" lat="12.9712043" lon="77.5977545"/>
  <node id="248459842" lat="12.9713803" lon="77.5979850"/>
  <node id="248459844" lat="12.9696251" lon="77.5974964"/>
  <node id="248459846" lat="12.9711815" lon="77.5964260"/>
  <node id="248459848" lat="12.9718009" lon="77.5935434"/>
  <node id="248459849" lat="12.9717507" lon="77.5940040"/>
  <node id="249081347" lat="12.9677108" lon="77.5898673"/>
  <node id="249088191" lat="12.9757014" lon="77.5917439"/>
  <node id="249088192" lat="12.9755016" lon="77.5919944"/>
  <node id="249088221" lat="12.9747710" lon="77.5933630"/>
  <node id="249088244" lat="12.9768493" lon="77.5984001"/>
  <node id="286964496" lat="12.9746792" lon="77.5910265"/>
  <node id="286964744" lat="12.9749260" lon="77.5931324"/>
  <node id="287793665" lat="12.9679527" lon="77.5889317"/>
  <node id="287793969" lat="12.9681213" lon="77.5918469"/>
  <node id="287794001" lat="12.9677859" lon="77.5903614"/>
  <node id="287794473" lat="12.9737715" lon="77.5917775"/>
  <node id="428420786" lat="12.9683062" lon="77.5895122"/>
  <node id="428420790" lat="12.9677418" lon="77.5900578"/>
  <node id="428420880" lat="12.9718523" lon="77.5936873"/>
  <node id="428420881" lat="12.9718188" lon="77.5939029">
    <tag k="highway" v="traffic_signals"/>
    <tag k="traffic_signals" v="signal"/>
  </node>
  <node id="428831259" lat="12.9759713" lon="77.5914632"/>
  <node id="428831263" lat="12.9751875" lon="77.5915679"/>
  <node id="428831267" lat="12.9747933" lon="77.5908346"/>
  <node id="428836843" lat="12.9680658" lon="77.6002904">
    <tag k="crossing" v="traffic_signals"/>
    <tag k="crossing:markings" v="zebra"/>
    <tag k="highway" v="crossing"/>
    <tag k="traffic_signals:countdown" v="yes"/>
  </node>
  <node id="428843494" lat="12.9708944" lon="77.6008576"/>
  <node id="428843495" lat="12.9713155" lon="77.5992877"/>
  <node id="429303163" lat="12.9765722" lon="77.5992296">
    <tag k="note" v="No right turn"/>
  </node>
  <node id="429303165" lat="12.9733879" lon="77.5950978"/>
  <node id="429303166" lat="12.9723557" lon="77.5942499"/>
  <node id="429303168" lat="12.9734403" lon="77.5950407"/>
  <node id="429303169" lat="12.9751441" lon="77.5971254"/>
  <node id="429303170" lat="12.9750868" lon="77.5971708"/>
  <node id="456209065" lat="12.9745455" lon="77.5911659"/>
  <node id="456209066" lat="12.9749878" lon="77.5929824"/>
  <node id="456209067" lat="12.9752121" lon="77.5936983"/>
  <node id="458263319" lat="12.9670407" lon="77.5946434"/>
  <node id="459554651" lat="12.9680626" lon="77.5913060"/>
  <node id="459554786" lat="12.9681230" lon="77.5918856"/>
  <node id="459554790" lat="12.9677868" lon="77.5920778"/>
  <node id="459815968" lat="12.9689236" lon="77.5995755"/>
  <node id="459815971" lat="12.9692286" lon="77.5971996"/>
  <node id="459815972" lat="12.9690738" lon="77.5981489"/>
  <node id="459815973" lat="12.9687859" lon="77.5968014"/>
  <node id="459815974" lat="12.9686101" lon="77.5979519"/>
  <node id="459815975" lat="12.9683025" lon="77.5964879"/>
  <node id="459815977" lat="12.9685273" lon="77.5946838"/>
  <node id="459815985" lat="12.9703161" lon="77.5962681"/>
  <node id="459820517" lat="12.9723360" lon="77.5987483"/>
  <node id="459820518" lat="12.9724558" lon="77.5978711"/>
  <node id="459820519" lat="12.9736158" lon="77.5993824"/>
  <node id="459820520" lat="12.9735524" lon="77.5973680"/>
  <node id="459820522" lat="12.9739519" lon="77.5969414"/>
  <node id="459820524" lat="12.9756955" lon="77.5998886"/>
  <node id="459820527" lat="12.9756047" lon="77.6007440">
    <tag k="access" v="private"/>
    <tag k="barrier" v="gate"/>
    <tag k="name" v="Gate 3"/>
  </node>
  <node id="661987273" lat="12.9754614" lon="77.5934609"/>
  <node id="661987274" lat="12.9751676" lon="77.5925797">
    <tag k="crossing" v="uncontrolled"/>
    <tag k="crossing:markings" v="yes"/>
    <tag k="highway" v="crossing"/>
  </node>
  <node id="661987275" lat="12.9753889" lon="77.5927935"/>
  <node id="661987276" lat="12.9755303" lon="77.5928443"/>
  <node id="661987277" lat="12.9755521" lon="77.5932433"/>
  <node id="661987278" lat="12.9761432" lon="77.5935842"/>
  <node id="661987279" lat="12.9760308" lon="77.5933376"/>
  <node id="661987281" lat="12.9756935" lon="77.5929676"/>
  <node id="661987285" lat="12.9762144" lon="77.5926820"/>
  <node id="661987288" lat="12.9766988" lon="77.5935936"/>
  <node id="661987289" lat="12.9767968" lon="77.5934661"/>
  <node id="661987298" lat="12.9766539" lon="77.5929196"/>
  <node id="661987299" lat="12.9759866" lon="77.5943713"/>
  <node id="661987303" lat="12.9762165" lon="77.5941364"/>
  <node id="661987304" lat="12.9761862" lon="77.5939931"/>
  <node id="661987305" lat="12.9761341" lon="77.5938253"/>
  <node id="663195397" lat="12.9760338" lon="77.5946273"/>
  <node id="663195623" lat="12.9768044" lon="77.5983641">
    <tag k="barrier" v="gate"/>
    <tag k="name" v="Gate 3"/>
  </node>
  <node id="663195624" lat="12.9761472" lon="77.5966339"/>
  <node id="663309918" lat="12.9748385" lon="77.5932924"/>
  <node id="663309920" lat="12.9748670" lon="77.5933983"/>
  <node id="663309952" lat="12.9751179" lon="77.5926799"/>
  <node id="663309953" lat="12.9750727" lon="77.5935395"/>
  <node id="663309991" lat="12.9751577" lon="77.5969949"/>
  <node id="663313892" lat="12.9676363" lon="77.5893451"/>
  <node id="663313897" lat="12.9680525" lon="77.5891250">
    <tag k="highway" v="traffic_signals"/>
    <tag k="traffic_signals" v="signal"/>
  </node>
  <node id="663313908" lat="12.9742083" lon="77.5914383"/>
  <node id="663321357" lat="12.9751239" lon="77.5920982"/>
  <node id="663321358" lat="12.9753876" lon="77.5921512"/>
  <node id="663321359" lat="12.9748324" lon="77.5920754"/>
  <node id="663558084" lat="12.9758237" lon="77.5962200"/>
  <node id="663558098" lat="12.9768340" lon="77.5964815"/>
  <node id="663558099" lat="12.9767863" lon="77.5964944">
    <tag k="barrier" v="gate"/>
  </node>
  <node id="663558104" lat="12.9765333" lon="77.5980944"/>
  <node id="663561786" lat="12.9758247" lon="77.5967204"/>
  <node id="663561811" lat="12.9765560" lon="77.5988946"/>
  <node id="663561812" lat="12.9762382" lon="77.5985608"/>
  <node id="663568588" lat="12.9734608" lon="77.5952878"/>
  <node id="663568613" lat="12.9744128" lon="77.5977101"/>
  <node id="663568615" lat="12.9734661" lon="77.5976632"/>
  <node id="663568619" lat="12.9745327" lon="77.5995970"/>
  <node id="663568641" lat="12.9763969" lon="77.5991338"/>
  <node id="663568645" lat="12.9763747" lon="77.5993253"/>
  <node id="663573130" lat="12.9737300" lon="77.5953723"/>
  <node id="663573138" lat="12.9746556" lon="77.5966076"/>
  <node id="663592924" lat="12.9752226" lon="77.5955056">
    <tag k="barrier" v="gate"/>
    <tag k="name" v="Gate 4: Corporation Circle"/>
  </node>
  <node id="663599735" lat="12.9733520" lon="77.5906463"/>
  <node id="663599738" lat="12.9733330" lon="77.5907697"/>
  <node id="663599740" lat="12.9727070" lon="77.5901232"/>
  <node id="663599742" lat="12.9716239" lon="77.5915299"/>
  <node id="663599744" lat="12.9712645" lon="77.5909944"/>
  <node id="663599745" lat="12.9732638" lon="77.5912180"/>
  <node id="663599758" lat="12.9734666" lon="77.5921880"/>
  <node id="663599761" lat="12.9726615" lon="77.5912042"/>
  <node id="663599762" lat="12.9720188" lon="77.5926369"/>
  <node id="663599764" lat="12.9724178" lon="77.5936559"/>
  <node id="663599766" lat="12.9734310" lon="77.5920179"/>
  <node id="663599767" lat="12.9723291" lon="77.5935074"/>
  <node id="663599769" lat="12.9724439" lon="77.5917829"/>
  <node id="663599771" lat="12.9725873" lon="77.5938473"/>
  <node id="663931665" lat="12.9766071" lon="77.5988687"/>
  <node id="663941093" lat="12.9746300" lon="77.5964587"/>
  <node id="663941125" lat="12.9750790" lon="77.5959758"/>
  <node id="665065735" lat="12.9707833" lon="77.5906561"/>
  <node id="665065739" lat="12.9726844" lon="77.5902406"/>
  <node id="677286832" lat="12.9744976" lon="77.5934089"/>
  <node id="677286833" lat="12.9745776" lon="77.5934885"/>
  <node id="677286834" lat="12.9748244" lon="77.5936804"/>
  <node id="677286844" lat="12.9750328" lon="77.5936420"/>
  <node id="677286845" lat="12.9750591" lon="77.5936300"/>
  <node id="677286846" lat="12.9749889" lon="77.5938038"/>
  <node id="677286847" lat="12.9750410" lon="77.5938861"/>
  <node id="677286850" lat="12.9749555" lon="77.5937788"/>
  <node id="1067781033" lat="12.9673367" lon="77.6008260"/>
  <node id="1232686148" lat="12.9765135" lon="77.5991521"/>
  <node id="1232939367" lat="12.9721143" lon="77.5969260"/>
  <node id="1232939382" lat="12.9730443" lon="77.5949282"/>
  <node id="1232939387" lat="12.9723135" lon="77.5943298"/>
  <node id="1232939392" lat="12.9711388" lon="77.5969022"/>
  <node id="1232939435" lat="12.9721667" lon="77.5967915"/>
  <node id="1492519184" lat="12.9722475" lon="77.6011495"/>
  <node id="1492519186" lat="12.9723326" lon="77.6001931"/>
  <node id="1548748196" lat="12.9678322" lon="77.6004574"/>
  <node id="1548748220" lat="12.9681490" lon="77.6002446">
    <tag k="highway" v="traffic_signals"/>
  </node>
  <node id="1557700898" lat="12.9720897" lon="77.5973421">
    <tag k="access" v="private"/>
    <tag k="barrier" v="gate"/>
  </node>
  <node id="1557709035" lat="12.9725726" lon="77.5957141"/>
  <node id="1557709046" lat="12.9729285" lon="77.5954308"/>
  <node id="1557709050" lat="12.9716247" lon="77.5952798"/>
  <node id="1592805778" lat="12.9734804" lon="77.5936496"/>
  <node id="1611272361" lat="12.9680207" lon="77.5890703"/>
  <node id="1636623242" lat="12.9720538" lon="77.5943110"/>
  <node id="1636623247" lat="12.9721174" lon="77.5942818"/>
  <node id="1636623269" lat="12.9722020" lon="77.5942587">
    <tag k="crossing:markings" v="zebra"/>
    <tag k="highway" v="crossing"/>
  </node>
  <node id="1636623340" lat="12.9722841" lon="77.5942468"/>
  <node id="1842803325" lat="12.9689910" lon="77.5969772"/>
  <node id="1842803327" lat="12.9691088" lon="77.5962852"/>
  <node id="1842803328" lat="12.9692718" lon="77.5955717"/>
  <node id="1842803332" lat="12.9698177" lon="77.5962510"/>
  <node id="1842803337" lat="12.9700706" lon="77.5991772"/>
  <node id="1842803341" lat="12.9701731" lon="77.5985437"/>
  <node id="1842803345" lat="12.9703624" lon="77.5960681"/>
  <node id="1842803351" lat="12.9707500" lon="77.5992977"/>
  <node id="1842803356" lat="12.9709487" lon="77.5986032"/>
  <node id="2189657381" lat="12.9732269" lon="77.5925108"/>
  <node id="2189683201" lat="12.9721669" lon="77.5943262"/>
  <node id="2189683204" lat="12.9730838" lon="77.5947499"/>
  <node id="2189683206" lat="12.9747008" lon="77.5963913">
    <tag k="barrier" v="gate"/>
  </node>
  <node id="2189688559" lat="12.9675244" lon="77.5996988"/>
  <node id="2189718256" lat="12.9735513" lon="77.5985286"/>
  <node id="2189718277" lat="12.9736282" lon="77.5954970"/>
  <node id="2189718293" lat="12.9740751" lon="77.5984552"/>
  <node id="2189718301" lat="12.9742726" lon="77.5962842"/>
  <node id="2189718302" lat="12.9745703" lon="77.5966158"/>
  <node id="2189718304" lat="12.9746639" lon="77.5966820"/>
  <node id="2189718307" lat="12.9740375" lon="77.5994652"/>
  <node id="2189718324" lat="12.9756604" lon="77.5999683"/>
  <node id="2189718345" lat="12.9763875" lon="77.5994336"/>
  <node id="2228386490" lat="12.9702745" lon="77.5980159"/>
  <node id="2228386492" lat="12.9703351" lon="77.5979945"/>
  <node id="2228386495" lat="12.9703961" lon="77.5976076"/>
  <node id="2357083158" lat="12.9744895" lon="77.5983527">
    <tag k="access" v="private"/>
    <tag k="barrier" v="lift_gate"/>
  </node>
  <node id="2357083159" lat="12.9746347" lon="77.5989758">
    <tag k="access" v="private"/>
    <tag k="barrier" v="lift_gate"/>
  </node>
  <node id="2357083160" lat="12.9747485" lon="77.5983103"/>
  <node id="2577077220" lat="12.9681039" lon="77.5920914"/>
  <node id="2577079354" lat="12.9679369" lon="77.5908942"/>
  <node id="2600843684" lat="12.9678123" lon="77.5935355"/>
  <node id="2760170981" lat="12.9705284" lon="77.5921215"/>
  <node id="2760171118" lat="12.9704280" lon="77.5921430">
    <tag k="access" v="private"/>
    <tag k="barrier" v="gate"/>
  </node>
  <node id="2760171119" lat="12.9705558" lon="77.5921524"/>
  <node id="3307263061" lat="12.9749883" lon="77.5926613"/>
  <node id="3343263983" lat="12.9755900" lon="77.6000350"/>
  <node id="3343263985" lat="12.9758663" lon="77.6005367"/>
  <node id="3343263986" lat="12.9759105" lon="77.6006298"/>
  <node id="3343263987" lat="12.9758856" lon="77.6000436"/>
  <node id="3343263988" lat="12.9759025" lon="77.5999790"/>
  <node id="3343263991" lat="12.9759703" lon="77.5999369"/>
  <node id="3343265799" lat="12.9760603" lon="77.5999327"/>
  <node id="3343265807" lat="12.9761392" lon="77.6006619"/>
  <node id="3343265809" lat="12.9761859" lon="77.5999681"/>
  <node id="3343265811" lat="12.9761788" lon="77.6006426"/>
  <node id="3343265813" lat="12.9762036" lon="77.6004088"/>
  <node id="3343265814" lat="12.9762474" lon="77.6000588"/>
  <node id="3343265815" lat="12.9762521" lon="77.6000263"/>
  <node id="3343340243" lat="12.9746673" lon="77.6007346"/>
  <node id="3343340257" lat="12.9749487" lon="77.5997248"/>
  <node id="3343549645" lat="12.9742529" lon="77.5960011"/>
  <node id="3343549646" lat="12.9743137" lon="77.5959369">
    <tag k="barrier" v="gate"/>
  </node>
  <node id="3343549647" lat="12.9743877" lon="77.5958605"/>
  <node id="3343549648" lat="12.9745947" lon="77.5956291"/>
  <node id="3343549649" lat="12.9747316" lon="77.5964323"/>
  <node id="3343549650" lat="12.9747806" lon="77.5963152"/>
  <node id="3343549651" lat="12.9748037" lon="77.5963467">
    <tag k="barrier" v="gate"/>
  </node>
  <node id="3343549652" lat="12.9748225" lon="77.5962756"/>
  <node id="3343549653" lat="12.9750203" lon="77.5969428"/>
  <node id="3343549654" lat="12.9750935" lon="77.5968784"/>
  <node id="3343549655" lat="12.9751787" lon="77.5955519"/>
  <node id="3343549656" lat="12.9752153" lon="77.5967496"/>
  <node id="3343549657" lat="12.9753088" lon="77.5956809"/>
  <node id="3343549658" lat="12.9753242" lon="77.5972677"/>
  <node id="3343549668" lat="12.9757174" lon="77.5979363"/>
  <node id="3343549669" lat="12.9757630" lon="77.5979013"/>
  <node id="3343549670" lat="12.9757506" lon="77.5978601"/>
  <node id="3343549679" lat="12.9758326" lon="77.5980923"/>
  <node id="3343549680" lat="12.9758727" lon="77.5980585"/>
  <node id="3343549683" lat="12.9758876" lon="77.5978281"/>
  <node id="3343549688" lat="12.9759167" lon="77.5978476"/>
  <node id="3343549793" lat="12.9759173" lon="77.5981001"/>
  <node id="3343549795" lat="12.9759736" lon="77.5979242"/>
  <node id="3343549796" lat="12.9759762" lon="77.5979618"/>
  <node id="3351726128" lat="12.9720412" lon="77.5985228"/>
  <node id="3351726129" lat="12.9719145" lon="77.5988657"/>
  <node id="3351726130" lat="12.9718820" lon="77.5991167"/>
  <node id="3355748728" lat="12.9705619" lon="77.6040870"/>
  <node id="3355802418" lat="12.9719807" lon="77.6010959"/>
  <node id="3356628891" lat="12.9703682" lon="77.6037113"/>
  <node id="3382418783" lat="12.9693430" lon="77.5972801"/>
  <node id="3382418895" lat="12.9694313" lon="77.5970102"/>
  <node id="3382418897" lat="12.9694469" lon="77.5962115"/>
  <node id="3382418954" lat="12.9696666" lon="77.5969941"/>
  <node id="3384460226" lat="12.9728425" lon="77.5954501"/>
  <node id="3384460240" lat="12.9729215" lon="77.5952843"/>
  <node id="3384460242" lat="12.9727798" lon="77.5954769"/>
  <node id="3384460249" lat="12.9726700" lon="77.5955386"/>
  <node id="3384460263" lat="12.9729543" lon="77.5951818"/>
  <node id="3384460267" lat="12.9727118" lon="77.5955144"/>
  <node id="3395155055" lat="12.9711904" lon="77.5997542"/>
  <node id="3395155148" lat="12.9732021" lon="77.5995029"/>
  <node id="3395155239" lat="12.9720919" lon="77.5999612"/>
  <node id="3395155270" lat="12.9728409" lon="77.5991885"/>
  <node id="3448365054" lat="12.9732712" lon="77.5944202"/>
  <node id="3448365055" lat="12.9733085" lon="77.5914318"/>
  <node id="3448365057" lat="12.9736869" lon="77.5917318"/>
  <node id="3448365058" lat="12.9738018" lon="77.5950340"/>
  <node id="3448365059" lat="12.9738248" lon="77.5915670"/>
  <node id="3448365060" lat="12.9743493" lon="77.5912176"/>
  <node id="3448365061" lat="12.9745764" lon="77.5909968"/>
  <node id="3677894560" lat="12.9684592" lon="77.6011160"/>
  <node id="3677894561" lat="12.9686220" lon="77.6013686"/>
  <node id="3681719432" lat="12.9724644" lon="77.5961039"/>
  <node id="3701772943" lat="12.9714127" lon="77.5920167"/>
  <node id="3701772945" lat="12.9715198" lon="77.5928287"/>
  <node id="3701772946" lat="12.9715258" lon="77.5929477"/>
  <node id="3701772947" lat="12.9715496" lon="77.5926974"/>
  <node id="3701772948" lat="12.9715674" lon="77.5922762"/>
  <node id="3701772951" lat="12.9716621" lon="77.5925387"/>
  <node id="3701772953" lat="12.9717834" lon="77.5923574"/>
  <node id="3701772956" lat="12.9718780" lon="77.5921587"/>
  <node id="3701772961" lat="12.9721088" lon="77.5936437"/>
  <node id="3701772964" lat="12.9722129" lon="77.5936834"/>
  <node id="3701772965" lat="12.9722515" lon="77.5930430"/>
  <node id="3701772966" lat="12.9723905" lon="77.5936946"/>
  <node id="3730964440" lat="12.9746461" lon="77.5913940"/>
  <node id="3730964444" lat="12.9747842" lon="77.5945893"/>
  <node id="3730964445" lat="12.9747860" lon="77.5947575"/>
  <node id="3730964447" lat="12.9747968" lon="77.5945153"/>
  <node id="3730964451" lat="12.9748202" lon="77.5948277"/>
  <node id="3730964467" lat="12.9750544" lon="77.5940310"/>
  <node id="3730964469" lat="12.9750670" lon="77.5949849"/>
  <node id="3730964471" lat="12.9750760" lon="77.5939385"/>
  <node id="3730964474" lat="12.9751300" lon="77.5949941"/>
  <node id="3730964476" lat="12.9752435" lon="77.5949867"/>
  <node id="3730964478" lat="12.9753390" lon="77.5949645"/>
  <node id="3730964479" lat="12.9754021" lon="77.5949867"/>
  <node id="3730964480" lat="12.9755881" lon="77.5951057"/>
  <node id="3730964481" lat="12.9759937" lon="77.5946636">
    <tag k="barrier" v="chain"/>
  </node>
  <node id="3735584792" lat="12.9675143" lon="77.5964309"/>
  <node id="3741208338" lat="12.9692445" lon="77.5917589"/>
  <node id="3741208342" lat="12.9692840" lon="77.5918179"/>
  <node id="3741208344" lat="12.9693108" lon="77.5918566"/>
  <node id="3741208348" lat="12.9693594" lon="77.5916680"/>
  <node id="3741208349" lat="12.9693626" lon="77.5915874"/>
  <node id="3741208354" lat="12.9694133" lon="77.5923727"/>
  <node id="3741208355" lat="12.9694213" lon="77.5924123"/>
  <node id="3741208356" lat="12.9694891" lon="77.5923555"/>
  <node id="3741208357" lat="12.9694996" lon="77.5923956"/>
  <node id="3741208369" lat="12.9702135" lon="77.5920477"/>
  <node id="3741208370" lat="12.9702525" lon="77.5920186"/>
  <node id="3741208371" lat="12.9703817" lon="77.5921534"/>
  <node id="3741208372" lat="12.9704597" lon="77.5921778">
    <tag k="access" v="private"/>
    <tag k="barrier" v="gate"/>
  </node>
  <node id="3943325826" lat="12.9684387" lon="77.5896277"/>
  <node id="3943325840" lat="12.9678573" lon="77.5886260"/>
  <node id="3943325853" lat="12.9680866" lon="77.5890222"/>
  <node id="3943325855" lat="12.9681313" lon="77.5890945"/>
  <node id="3943327557" lat="12.9685505" lon="77.5895970"/>
  <node id="3943327566" lat="12.9718584" lon="77.5938089"/>
  <node id="3943327569" lat="12.9720841" lon="77.5937307">
    <tag k="crossing:markings" v="zebra"/>
    <tag k="highway" v="crossing"/>
  </node>
  <node id="3943327571" lat="12.9722897" lon="77.5937541"/>
  <node id="3943327573" lat="12.9723344" lon="77.5937539"/>
  <node id="3943327574" lat="12.9723621" lon="77.5937212">
    <tag k="barrier" v="gate"/>
    <tag k="name" v="Gate 5"/>
  </node>
  <node id="3943327575" lat="12.9724084" lon="77.5939338"/>
  <node id="3943327576" lat="12.9724036" lon="77.5940167"/>
  <node id="3943327577" lat="12.9724235" lon="77.5938853"/>
  <node id="3943327578" lat="12.9724596" lon="77.5942264"/>
  <node id="3943327579" lat="12.9724852" lon="77.5938752">
    <tag k="barrier" v="gate"/>
    <tag k="name" v="Gate 5"/>
  </node>
  <node id="3943327580" lat="12.9724830" lon="77.5940382"/>
  <node id="3943327581" lat="12.9724950" lon="77.5941079"/>
  <node id="3956139502" lat="12.9685534" lon="77.5966132"/>
  <node id="3956139503" lat="12.9680663" lon="77.5964192"/>
  <node id="4017403928" lat="12.9750468" lon="77.5930001"/>
  <node id="4017403929" lat="12.9750670" lon="77.5931584">
    <tag k="crossing" v="uncontrolled"/>
    <tag k="highway" v="crossing"/>
  </node>
  <node id="4017403932" lat="12.9751660" lon="77.5935896"/>
  <node id="4017403934" lat="12.9750314" lon="77.5928600"/>
  <node id="4017403937" lat="12.9751104" lon="77.5933819"/>
  <node id="4038254322" lat="12.9688760" lon="77.5927336"/>
  <node id="4038254324" lat="12.9692874" lon="77.5926363"/>
  <node id="4038254325" lat="12.9693763" lon="77.5925296"/>
  <node id="4038254326" lat="12.9694404" lon="77.5925144"/>
  <node id="4038254327" lat="12.9695162" lon="77.5924963"/>
  <node id="4038254328" lat="12.9695586" lon="77.5924911"/>
  <node id="4038254329" lat="12.9696551" lon="77.5925503"/>
  <node id="4038254330" lat="12.9699463" lon="77.5925247"/>
  <node id="4058224494" lat="12.9724456" lon="77.5938821">
    <tag k="highway" v="crossing"/>
  </node>
  <node id="4058224495" lat="12.9724515" lon="77.5940717"/>
  <node id="4058224799" lat="12.9718534" lon="77.5939942"/>
  <node id="4058224801" lat="12.9718745" lon="77.5940080"/>
  <node id="4058224805" lat="12.9719302" lon="77.5939882"/>
  <node id="4058224810" lat="12.9719314" lon="77.5940720"/>
  <node id="4058224812" lat="12.9719671" lon="77.5941343">
    <tag k="highway" v="traffic_signals"/>
    <tag k="traffic_signals" v="signal"/>
  </node>
  <node id="4058224813" lat="12.9720216" lon="77.5942473"/>
  <node id="4058224815" lat="12.9720157" lon="77.5939041">
    <tag k="noexit" v="yes"/>
  </node>
  <node id="4058224820" lat="12.9720414" lon="77.5939897"/>
  <node id="4058224827" lat="12.9719456" lon="77.5937192"/>
  <node id="4058224830" lat="12.9720628" lon="77.5941604">
    <tag k="highway" v="traffic_signals"/>
  </node>
  <node id="4058224833" lat="12.9720314" lon="77.5941274">
    <tag k="noexit" v="yes"/>
  </node>
  <node id="4058224834" lat="12.9720974" lon="77.5938444">
    <tag k="noexit" v="yes"/>
  </node>
  <node id="4058224835" lat="12.9720843" lon="77.5936952"/>
  <node id="4058224836" lat="12.9721128" lon="77.5940442"/>
  <node id="4058224842" lat="12.9721695" lon="77.5941845">
    <tag k="noexit" v="yes"/>
  </node>
  <node id="4058224845" lat="12.9721849" lon="77.5937140"/>
  <node id="4058224846" lat="12.9721777" lon="77.5938963">
    <tag k="noexit" v="yes"/>
  </node>
  <node id="4058224848" lat="12.9721973" lon="77.5942307">
    <tag k="noexit" v="yes"/>
  </node>
  <node id="4058224850" lat="12.9722106" lon="77.5941322">
    <tag k="crossing" v="traffic_signals"/>
    <tag k="crossing:markings" v="zebra"/>
    <tag k="highway" v="crossing"/>
    <tag k="traffic_signals:countdown" v="yes"/>
  </node>
  <node id="4058224852" lat="12.9721517" lon="77.5940818"/>
  <node id="4058224855" lat="12.9722594" lon="77.5940701">
    <tag k="crossing" v="traffic_signals"/>
    <tag k="crossing:markings" v="zebra"/>
    <tag k="highway" v="crossing"/>
    <tag k="traffic_signals:countdown" v="yes"/>
  </node>
  <node id="4058224860" lat="12.9723462" lon="77.5937400">
    <tag k="highway" v="crossing"/>
  </node>
  <node id="4058224866" lat="12.9724154" lon="77.5940783"/>
  <node id="4381063047" lat="12.9664829" lon="77.5983657"/>
  <node id="4685633734" lat="12.9677363" lon="77.5937522"/>
  <node id="4685633735" lat="12.9675269" lon="77.5941545"/>
  <node id="4793645539" lat="12.9726576" lon="77.5935194"/>
  <node id="4793645540" lat="12.9728562" lon="77.5932834"/>
  <node id="4793645541" lat="12.9729242" lon="77.5931868"/>
  <node id="4793645542" lat="12.9730026" lon="77.5930259"/>
  <node id="4793645543" lat="12.9730705" lon="77.5928971"/>
  <node id="4793645544" lat="12.9732378" lon="77.5926826"/>
  <node id="4793645545" lat="12.9734835" lon="77.5923553"/>
  <node id="4793645546" lat="12.9737344" lon="77.5920764"/>
  <node id="4793645547" lat="12.9739226" lon="77.5918511"/>
  <node id="4793645548" lat="12.9743460" lon="77.5915078"/>
  <node id="4793645549" lat="12.9745133" lon="77.5914595"/>
  <node id="4793645550" lat="12.9745604" lon="77.5915131"/>
  <node id="4793645551" lat="12.9746525" lon="77.5918249"/>
  <node id="4793645552" lat="12.9747381" lon="77.5922159"/>
  <node id="4793645553" lat="12.9748374" lon="77.5925967"/>
  <node id="4793645554" lat="12.9748792" lon="77.5928220"/>
  <node id="4793645555" lat="12.9748636" lon="77.5929293"/>
  <node id="4793645556" lat="12.9747956" lon="77.5930366"/>
  <node id="4793645557" lat="12.9746963" lon="77.5931278"/>
  <node id="4793645558" lat="12.9745917" lon="77.5931868"/>
  <node id="4793645559" lat="12.9744263" lon="77.5932069"/>
  <node id="4793645560" lat="12.9741892" lon="77.5932673"/>
  <node id="4793645561" lat="12.9738965" lon="77.5933370"/>
  <node id="4793645562" lat="12.9733424" lon="77.5934389"/>
  <node id="4793645563" lat="12.9729869" lon="77.5936321"/>
  <node id="4793645564" lat="12.9727308" lon="77.5937072"/>
  <node id="4793645565" lat="12.9726001" lon="77.5937072"/>
  <node id="4793645566" lat="12.9725739" lon="77.5936482"/>
  <node id="4960826810" lat="12.9718127" lon="77.5951692"/>
  <node id="4960826818" lat="12.9719217" lon="77.5946604"/>
  <node id="4960830623" lat="12.9711777" lon="77.5967568"/>
  <node id="4960830624" lat="12.9719562" lon="77.5946743"/>
  <node id="4960830649" lat="12.9720491" lon="77.5968156"/>
  <node id="4960830670" lat="12.9717590" lon="77.5953161"/>
  <node id="4960830673" lat="12.9717642" lon="77.5953409"/>
  <node id="4960830675" lat="12.9721145" lon="77.5968156"/>
  <node id="4960830676" lat="12.9720189" lon="77.5947018"/>
  <node id="4960830677" lat="12.9721041" lon="77.5955184"/>
  <node id="4960830682" lat="12.9718243" lon="77.5953216"/>
  <node id="4960830688" lat="12.9721249" lon="77.5954665"/>
  <node id="5340711531" lat="12.9718271" lon="77.5995898"/>
  <node id="5340711532" lat="12.9696165" lon="77.5985250"/>
  <node id="5340711535" lat="12.9720277" lon="77.5943769"/>
  <node id="5340711536" lat="12.9719110" lon="77.5945269"/>
  <node id="5560544561" lat="12.9679260" lon="77.5908496">
    <tag k="bus" v="yes"/>
    <tag k="name" v="Hudson Circle"/>
    <tag k="name:en" v="Hudson Circle"/>
    <tag k="name:kn" v="ಹಡ್ಸನ್ ವೃತ್ತ"/>
    <tag k="network" v="BMTC"/>
    <tag k="operator" v="BMTC"/>
    <tag k="public_transport" v="stop_position"/>
  </node>
  <node id="6194329274" lat="12.9706628" lon="77.5971951"/>
  <node id="6194329276" lat="12.9707228" lon="77.5966540"/>
  <node id="6194329277" lat="12.9706979" lon="77.5968711"/>
  <node id="6194329278" lat="12.9701957" lon="77.5968106"/>
  <node id="6194329279" lat="12.9701587" lon="77.5971343"/>
  <node id="6308519855" lat="12.9702626" lon="77.5916552"/>
  <node id="6308519860" lat="12.9701843" lon="77.5917041"/>
  <node id="6421092662" lat="12.9679316" lon="77.6004313">
    <tag k="barrier" v="kerb"/>
    <tag k="kerb" v="lowered"/>
  </node>
  <node id="6421092663" lat="12.9682805" lon="77.6009899"/>
  <node id="6421092665" lat="12.9683960" lon="77.6011519"/>
  <node id="6421092666" lat="12.9685617" lon="77.6014065"/>
  <node id="6421092669" lat="12.9693341" lon="77.6024195">
    <tag k="barrier" v="kerb"/>
    <tag k="kerb" v="lowered_and_sloped"/>
    <tag k="wheelchair" v="yes"/>
  </node>
  <node id="6455342676" lat="12.9669374" lon="77.5964813"/>
  <node id="6487182238" lat="12.9678749" lon="77.5928109"/>
  <node id="6487182239" lat="12.9680514" lon="77.5928449"/>
  <node id="6487182240" lat="12.9680305" lon="77.5929490"/>
  <node id="6487182241" lat="12.9678560" lon="77.5929119"/>
  <node id="6527260381" lat="12.9719688" lon="77.6011320"/>
  <node id="6527260383" lat="12.9683267" lon="77.6003040"/>
  <node id="6527260384" lat="12.9681976" lon="77.6002973"/>
  <node id="6527314785" lat="12.9681307" lon="77.6003754"/>
  <node id="6527314786" lat="12.9681320" lon="77.6004121"/>
  <node id="6527314787" lat="12.9692131" lon="77.6020406"/>
  <node id="6527314788" lat="12.9698996" lon="77.6029425"/>
  <node id="6527314789" lat="12.9704882" lon="77.6037641"/>
  <node id="6527314790" lat="12.9709056" lon="77.6046487"/>
  <node id="6573902917" lat="12.9725190" lon="77.5959071"/>
  <node id="6573902918" lat="12.9725779" lon="77.5960359"/>
  <node id="6573902919" lat="12.9726668" lon="77.5961325"/>
  <node id="6573902920" lat="12.9728079" lon="77.5962210"/>
  <node id="6573902921" lat="12.9728916" lon="77.5962344"/>
  <node id="6573902922" lat="12.9730406" lon="77.5962102"/>
  <node id="6573902923" lat="12.9731582" lon="77.5961378"/>
  <node id="6573902924" lat="12.9732157" lon="77.5960439"/>
  <node id="6573902925" lat="12.9732523" lon="77.5958937"/>
  <node id="6573902926" lat="12.9732444" lon="77.5956926"/>
  <node id="6573902927" lat="12.9731895" lon="77.5956148"/>
  <node id="6573902928" lat="12.9730902" lon="77.5955075"/>
  <node id="6584009908" lat="12.9708459" lon="77.6046777">
    <tag k="button_operated" v="no"/>
    <tag k="check_date:crossing" v="2023-10-31"/>
    <tag k="crossing" v="traffic_signals"/>
    <tag k="crossing:markings" v="zebra"/>
    <tag k="highway" v="crossing"/>
    <tag k="traffic_signals:sound" v="no"/>
    <tag k="traffic_signals:vibration" v="no"/>
  </node>
  <node id="6645712420" lat="12.9703358" lon="77.5942959">
    <tag k="alt_name" v="St Joseph Boys High School"/>
    <tag k="bus" v="yes"/>
    <tag k="name" v="Mallya Hospital"/>
    <tag k="name:en" v="Mallya Hospital"/>
    <tag k="name:kn" v="ಮಲ್ಲ್ಯ ಆಸ್ಪತ್ರೆ"/>
    <tag k="network" v="BMTC"/>
    <tag k="operator" v="BMTC"/>
    <tag k="public_transport" v="stop_position"/>
  </node>
  <node id="6751891691" lat="12.9734745" lon="77.5998017"/>
  <node id="6751891692" lat="12.9739747" lon="77.6005889"/>
  <node id="6751891694" lat="12.9746976" lon="77.6001236"/>
  <node id="6751891696" lat="12.9740704" lon="77.6000324"/>
  <node id="6751891697" lat="12.9737228" lon="77.5998474"/>
  <node id="6751891699" lat="12.9736232" lon="77.6005267"/>
  <node id="6751891700" lat="12.9746373" lon="77.6007280"/>
  <node id="6751891701" lat="12.9755289" lon="77.6009231"/>
  <node id="6758586386" lat="12.9724890" lon="77.5994282"/>
  <node id="6758586388" lat="12.9726121" lon="77.5993951"/>
  <node id="6758586392" lat="12.9722002" lon="77.5996596"/>
  <node id="6758660939" lat="12.9754249" lon="77.5973495"/>
  <node id="6758660945" lat="12.9758500" lon="77.5977428"/>
  <node id="6758660946" lat="12.9756821" lon="77.5977113"/>
  <node id="6758660947" lat="12.9755146" lon="77.5974784"/>
  <node id="6758660948" lat="12.9754341" lon="77.5975408"/>
  <node id="6802632656" lat="12.9718016" lon="77.5963363"/>
  <node id="6802632657" lat="12.9719206" lon="77.5960332"/>
  <node id="6802632658" lat="12.9720434" lon="77.5956912"/>
  <node id="6834406259" lat="12.9764655" lon="77.5994399"/>
  <node id="6834406260" lat="12.9764466" lon="77.5993603">
    <tag k="crossing" v="traffic_signals"/>
    <tag k="crossing:markings" v="zebra"/>
    <tag k="crossing_ref" v="zebra"/>
    <tag k="highway" v="crossing"/>
  </node>
  <node id="6834406261" lat="12.9764220" lon="77.5992827">
    <tag k="barrier" v="kerb"/>
    <tag k="kerb" v="raised"/>
  </node>
  <node id="6834406262" lat="12.9764292" lon="77.5991869"/>
  <node id="6834406263" lat="12.9764894" lon="77.5991167">
    <tag k="crossing" v="traffic_signals"/>
    <tag k="crossing:markings" v="zebra"/>
    <tag k="crossing_ref" v="zebra"/>
    <tag k="highway" v="crossing"/>
  </node>
  <node id="6834406266" lat="12.9766565" lon="77.5989203"/>
  <node id="6862122441" lat="12.9712920" lon="77.5964623"/>
  <node id="7106320854" lat="12.9684272" lon="77.5896134">
    <tag k="bus" v="yes"/>
    <tag k="name" v="Corporation Circle (Cubbon Park)"/>
    <tag k="name:en" v="Corporation Circle (Cubbon Park)"/>
    <tag k="network" v="BMTC"/>
    <tag k="operator" v="BMTC"/>
    <tag k="public_transport" v="stop_position"/>
  </node>
  <node id="7106320855" lat="12.9740673" lon="77.5957765">
    <tag k="alt_name" v="Museum"/>
    <tag k="bus" v="yes"/>
    <tag k="name" v="Kasturba Road"/>
    <tag k="name:en" v="Kasturba Road"/>
    <tag k="name:etymology:wikidata" v="Q264908"/>
    <tag k="name:kn" v="ಕಸ್ತೂರ್ಬಾ ರಸ್ತೆ"/>
    <tag k="network" v="BMTC"/>
    <tag k="operator" v="BMTC"/>
    <tag k="public_transport" v="stop_position"/>
  </node>
  <node id="7106320856" lat="12.9759400" lon="77.5982399">
    <tag k="bus" v="yes"/>
    <tag k="name" v="MG Statue"/>
    <tag k="name:en" v="MG Statue"/>
    <tag k="network" v="BMTC"/>
    <tag k="operator" v="BMTC"/>
    <tag k="public_transport" v="stop_position"/>
  </node>
  <node id="7146599766" lat="12.9688391" lon="77.6016717"/>
  <node id="7157889190" lat="12.9702534" lon="77.6034518"/>
  <node id="7395562810" lat="12.9676480" lon="77.5948750"/>
  <node id="7794488272" lat="12.9739940" lon="77.5955702">
    <tag k="highway" v="elevator"/>
  </node>
  <node id="7794488273" lat="12.9738263" lon="77.5957220">
    <tag k="highway" v="elevator"/>
  </node>
  <node id="7794488274" lat="12.9739024" lon="77.5955829"/>
  <node id="7949885736" lat="12.9696979" lon="77.5969312"/>
  <node id="9103464455" lat="12.9731146" lon="77.5924456"/>
  <node id="9161059613" lat="12.9747514" lon="77.5917981"/>
  <node id="9161061920" lat="12.9761783" lon="77.5939210"/>
  <node id="9161061921" lat="12.9761156" lon="77.5937064"/>
  <node id="9162183608" lat="12.9756206" lon="77.5941057"/>
  <node id="9162183609" lat="12.9753831" lon="77.5939706"/>
  <node id="9162183610" lat="12.9752015" lon="77.5939304"/>
  <node id="9162183611" lat="12.9748770" lon="77.5943645">
    <tag k="access" v="private"/>
    <tag k="barrier" v="gate"/>
  </node>
  <node id="9162246226" lat="12.9749719" lon="77.5920823"/>
  <node id="9162246227" lat="12.9750244" lon="77.5918999"/>
  <node id="9162246228" lat="12.9750884" lon="77.5918248"/>
  <node id="9162246229" lat="12.9751595" lon="77.5918202"/>
  <node id="9162246230" lat="12.9752126" lon="77.5918597"/>
  <node id="9162246231" lat="12.9752544" lon="77.5919388"/>
  <node id="9162246232" lat="12.9752602" lon="77.5921154"/>
  <node id="9190068646" lat="12.9687897" lon="77.5999125"/>
  <node id="9190068647" lat="12.9686489" lon="77.6003308"/>
  <node id="9190068648" lat="12.9682478" lon="77.5969236"/>
  <node id="9360725222" lat="12.9760750" lon="77.5995596"/>
  <node id="9360725223" lat="12.9757029" lon="77.5989152"/>
  <node id="9360725225" lat="12.9754476" lon="77.5993651"/>
  <node id="9360725226" lat="12.9756327" lon="77.5993841"/>
  <node id="9360725227" lat="12.9758171" lon="77.5997216"/>
  <node id="9532858992" lat="12.9691447" lon="77.6011924"/>
  <node id="9532858995" lat="12.9704737" lon="77.6002627"/>
  <node id="9532858996" lat="12.9699962" lon="77.6001431"/>
  <node id="9532858997" lat="12.9698765" lon="77.6006292"/>
  <node id="9540035542" lat="12.9710601" lon="77.5976912"/>
  <node id="9540035543" lat="12.9684642" lon="77.5947791"/>
  <node id="9540035613" lat="12.9732791" lon="77.5911030"/>
  <node id="9540035616" lat="12.9723181" lon="77.5914106"/>
  <node id="9540143817" lat="12.9722408" lon="77.5916532"/>
  <node id="9540143818" lat="12.9720483" lon="77.5919582"/>
  <node id="9586147491" lat="12.9716467" lon="77.5956141"/>
  <node id="9593525105" lat="12.9732588" lon="77.5994229"/>
  <node id="9633893506" lat="12.9686286" lon="77.6012115"/>
  <node id="9633893513" lat="12.9689995" lon="77.5946859">
    <tag k="access" v="private"/>
    <tag k="barrier" v="gate"/>
    <tag k="name" v="Gate 5"/>
  </node>
  <node id="9633893515" lat="12.9707112" lon="77.5943443">
    <tag k="barrier" v="gate"/>
  </node>
  <node id="9633893516" lat="12.9703397" lon="77.5918913">
    <tag k="crossing" v="uncontrolled"/>
    <tag k="crossing:markings" v="zebra"/>
    <tag k="highway" v="crossing"/>
    <tag k="traffic_calming" v="table"/>
  </node>
  <node id="9796225988" lat="12.9682366" lon="77.6002408"/>
  <node id="9796225993" lat="12.9679413" lon="77.6001189"/>
  <node id="9796225994" lat="12.9680254" lon="77.6002207">
    <tag k="barrier" v="kerb"/>
    <tag k="kerb" v="lowered"/>
    <tag k="tactile_paving" v="yes"/>
  </node>
  <node id="9796269822" lat="12.9719298" lon="77.6006419">
    <tag k="entrance" v="yes"/>
  </node>
  <node id="9796269823" lat="12.9719297" lon="77.6006513"/>
  <node id="9796269824" lat="12.9720620" lon="77.6005239">
    <tag k="entrance" v="yes"/>
  </node>
  <node id="9796269825" lat="12.9721008" lon="77.6005251"/>
  <node id="9796269826" lat="12.9721059" lon="77.6004150"/>
  <node id="9796269827" lat="12.9720954" lon="77.6006529"/>
  <node id="9796269828" lat="12.9722957" lon="77.6006544"/>
  <node id="9796269829" lat="12.9722721" lon="77.6006533">
    <tag k="barrier" v="gate"/>
  </node>
  <node id="9796460464" lat="12.9747567" lon="77.5968099"/>
  <node id="9826932055" lat="12.9673892" lon="77.6007837"/>
  <node id="9835980891" lat="12.9754872" lon="77.6015348">
    <tag k="crossing" v="uncontrolled"/>
    <tag k="crossing:markings" v="zebra"/>
    <tag k="highway" v="crossing"/>
  </node>
  <node id="9835980915" lat="12.9693186" lon="77.6005496">
    <tag k="highway" v="crossing"/>
  </node>
  <node id="9870882738" lat="12.9677060" lon="77.5999243"/>
  <node id="9999163252" lat="12.9678264" lon="77.5905043"/>
  <node id="9999163265" lat="12.9677779" lon="77.5936357"/>
  <node id="9999163271" lat="12.9670807" lon="77.5946110"/>
  <node id="10015163277" lat="12.9727227" lon="77.5985397"/>
  <node id="10015163278" lat="12.9726864" lon="77.5988401"/>
  <node id="10015163279" lat="12.9725983" lon="77.5989622"/>
  <node id="10015163286" lat="12.9738757" lon="77.5969854"/>
  <node id="10020522735" lat="12.9706580" lon="77.6042893"/>
  <node id="10038438794" lat="12.9667291" lon="77.5986881"/>
  <node id="10038438795" lat="12.9668575" lon="77.5987571"/>
  <node id="10038438796" lat="12.9672027" lon="77.5991600"/>
  <node id="10038438797" lat="12.9679425" lon="77.6000178"/>
  <node id="10038438798" lat="12.9681055" lon="77.6001489"/>
  <node id="10038438799" lat="12.9686596" lon="77.6002918"/>
  <node id="10038438800" lat="12.9699092" lon="77.6005835"/>
  <node id="10038438802" lat="12.9722535" lon="77.6011046"/>
  <node id="10038438805" lat="12.9709055" lon="77.6008162">
    <tag k="highway" v="crossing"/>
  </node>
  <node id="10038438807" lat="12.9730727" lon="77.6005959"/>
  <node id="10038438808" lat="12.9731353" lon="77.5995322"/>
  <node id="10038438809" lat="12.9731476" lon="77.5993641"/>
  <node id="10038438810" lat="12.9728181" lon="77.5992151">
    <tag k="crossing" v="uncontrolled"/>
    <tag k="crossing:markings" v="no"/>
    <tag k="highway" v="crossing"/>
    <tag k="surface" v="paving_stones"/>
    <tag k="traffic_calming" v="table"/>
  </node>
  <node id="10038438811" lat="12.9720319" lon="77.5985474"/>
  <node id="10038438812" lat="12.9713793" lon="77.5980108"/>
  <node id="10038438813" lat="12.9711313" lon="77.5980661"/>
  <node id="10038438814" lat="12.9704159" lon="77.6007074"/>
  <node id="10038442435" lat="12.9727087" lon="77.5992697"/>
  <node id="10038561220" lat="12.9737053" lon="77.5977034"/>
  <node id="10038561221" lat="12.9739165" lon="77.5977244"/>
  <node id="10038561226" lat="12.9745069" lon="77.5979466"/>
  <node id="10038561228" lat="12.9740623" lon="77.5980985"/>
  <node id="10038561229" lat="12.9735589" lon="77.5952849"/>
  <node id="10038561230" lat="12.9733458" lon="77.5953977"/>
  <node id="10038561231" lat="12.9736733" lon="77.5954250"/>
  <node id="10038561232" lat="12.9736051" lon="77.5954972"/>
  <node id="10038561233" lat="12.9734272" lon="77.5957163"/>
  <node id="10038561234" lat="12.9734750" lon="77.5953314"/>
  <node id="10038561236" lat="12.9738187" lon="77.5958739"/>
  <node id="10038561237" lat="12.9741523" lon="77.5960041">
    <tag k="alt_name" v="Museum"/>
    <tag k="bus" v="yes"/>
    <tag k="name" v="Kasturba Road"/>
    <tag k="name:en" v="Kasturba Road"/>
    <tag k="name:etymology:wikidata" v="Q264908"/>
    <tag k="name:kn" v="ಕಸ್ತೂರ್ಬಾ ರಸ್ತೆ"/>
    <tag k="network" v="BMTC"/>
    <tag k="operator" v="BMTC"/>
    <tag k="public_transport" v="stop_position"/>
  </node>
  <node id="10038561238" lat="12.9739522" lon="77.5960471"/>
  <node id="10038561239" lat="12.9736968" lon="77.5957548"/>
  <node id="10038561240" lat="12.9733795" lon="77.5960204"/>
  <node id="10038561242" lat="12.9724715" lon="77.5977194"/>
  <node id="10038561243" lat="12.9730940" lon="77.5977875"/>
  <node id="10038561274" lat="12.9763339" lon="77.5994136">
    <tag k="maxspeed" v="30"/>
    <tag k="traffic_sign" v="maxspeed"/>
    <tag k="traffic_sign:direction" v="forward"/>
  </node>
  <node id="10038561279" lat="12.9747349" lon="77.5965846"/>
  <node id="10038561280" lat="12.9749239" lon="77.5966133"/>
  <node id="10038561281" lat="12.9749519" lon="77.5966454"/>
  <node id="10038561284" lat="12.9750322" lon="77.5965702"/>
  <node id="10038561285" lat="12.9748922" lon="77.5965768"/>
  <node id="10038561286" lat="12.9749675" lon="77.5965062"/>
  <node id="10060517368" lat="12.9717817" lon="77.5939677"/>
  <node id="10060517369" lat="12.9712039" lon="77.5932956"/>
  <node id="10060517370" lat="12.9708983" lon="77.5929473"/>
  <node id="10060517371" lat="12.9706947" lon="77.5929047"/>
  <node id="10060517372" lat="12.9705475" lon="77.5927654"/>
  <node id="10060517373" lat="12.9703439" lon="77.5925989"/>
  <node id="10060517374" lat="12.9701553" lon="77.5925370"/>
  <node id="10060517378" lat="12.9707399" lon="77.5930131"/>
  <node id="10060517379" lat="12.9707889" lon="77.5931718"/>
  <node id="10060517380" lat="12.9708154" lon="77.5933073"/>
  <node id="10060517381" lat="12.9708154" lon="77.5934853"/>
  <node id="10060517382" lat="12.9707625" lon="77.5936634"/>
  <node id="10060517383" lat="12.9706645" lon="77.5938724"/>
  <node id="10060517384" lat="12.9703665" lon="77.5941898"/>
  <node id="10060517386" lat="12.9686940" lon="77.5929191"/>
  <node id="10060517387" lat="12.9685513" lon="77.5931759"/>
  <node id="10060517388" lat="12.9685055" lon="77.5933778"/>
  <node id="10060517389" lat="12.9685047" lon="77.5935067"/>
  <node id="10060517390" lat="12.9685296" lon="77.5936737"/>
  <node id="10060517391" lat="12.9685944" lon="77.5938960"/>
  <node id="10060517392" lat="12.9688573" lon="77.5942348"/>
  <node id="10060517393" lat="12.9690144" lon="77.5943475"/>
  <node id="10060517394" lat="12.9693151" lon="77.5945250"/>
  <node id="10060517396" lat="12.9714495" lon="77.5942098"/>
  <node id="10060517398" lat="12.9716940" lon="77.5951136"/>
  <node id="10060517401" lat="12.9709786" lon="77.5941636"/>
  <node id="10060517413" lat="12.9708049" lon="77.5941986"/>
  <node id="10060517416" lat="12.9712419" lon="77.5961913"/>
  <node id="10060517417" lat="12.9709579" lon="77.5961177"/>
  <node id="10060517419" lat="12.9698746" lon="77.5960147"/>
  <node id="10060517425" lat="12.9725005" lon="77.5974404"/>
  <node id="10060517431" lat="12.9710818" lon="77.5981381"/>
  <node id="10060517432" lat="12.9706401" lon="77.5981393"/>
  <node id="10060517433" lat="12.9711270" lon="77.5979803"/>
  <node id="10060517434" lat="12.9706058" lon="77.5978997"/>
  <node id="10060517436" lat="12.9705891" lon="77.5974099"/>
  <node id="10060517438" lat="12.9710555" lon="77.5974713">
    <tag k="highway" v="crossing"/>
  </node>
  <node id="10060540906" lat="12.9691497" lon="77.5987544"/>
  <node id="10060540909" lat="12.9690411" lon="77.5986956"/>
  <node id="10060540910" lat="12.9688256" lon="77.5985727"/>
  <node id="10060540911" lat="12.9687447" lon="77.5985727"/>
  <node id="10060540912" lat="12.9686729" lon="77.5985942"/>
  <node id="10060540913" lat="12.9685561" lon="77.5988092"/>
  <node id="10060540914" lat="12.9684783" lon="77.5989536"/>
  <node id="10060540915" lat="12.9682358" lon="77.5988184"/>
  <node id="10060540916" lat="12.9682028" lon="77.5987754"/>
  <node id="10060571617" lat="12.9681729" lon="77.5987017"/>
  <node id="10060571618" lat="12.9681819" lon="77.5986034"/>
  <node id="10060571619" lat="12.9681849" lon="77.5985143"/>
  <node id="10060571620" lat="12.9681699" lon="77.5984836"/>
  <node id="10060571621" lat="12.9681340" lon="77.5984529"/>
  <node id="10060571622" lat="12.9678623" lon="77.5984820"/>
  <node id="10060571623" lat="12.9675477" lon="77.5978560"/>
  <node id="10060571624" lat="12.9682448" lon="77.5978722"/>
  <node id="10060571631" lat="12.9666362" lon="77.5985665">
    <tag k="highway" v="crossing"/>
  </node>
  <node id="10060571647" lat="12.9688229" lon="77.5966308">
    <tag k="amenity" v="parking_entrance"/>
    <tag k="parking" v="underground"/>
  </node>
  <node id="10060571648" lat="12.9689828" lon="77.5946000"/>
  <node id="10060571649" lat="12.9691335" lon="77.5953525"/>
  <node id="10060571650" lat="12.9679668" lon="77.5909921"/>
  <node id="10060571783" lat="12.9678096" lon="77.5904450"/>
  <node id="10060571787" lat="12.9676484" lon="77.5894098"/>
  <node id="10060645486" lat="12.9716473" lon="77.6006289"/>
  <node id="10060645487" lat="12.9715657" lon="77.6010070"/>
  <node id="10060645488" lat="12.9723265" lon="77.6002692"/>
  <node id="10060645489" lat="12.9718383" lon="77.6002021"/>
  <node id="10060645490" lat="12.9705766" lon="77.6007979"/>
  <node id="10060645492" lat="12.9704377" lon="77.6015198"/>
  <node id="10060645493" lat="12.9705676" lon="77.6008444">
    <tag k="highway" v="crossing"/>
  </node>
  <node id="10060645495" lat="12.9704911" lon="77.6012420"/>
  <node id="10060645497" lat="12.9709483" lon="77.6013344"/>
  <node id="10060645498" lat="12.9710337" lon="77.6008883"/>
  <node id="10060645499" lat="12.9710268" lon="77.6009258">
    <tag k="highway" v="crossing"/>
  </node>
  <node id="10060645501" lat="12.9704015" lon="77.6007601"/>
  <node id="10060645502" lat="12.9702249" lon="77.6014672"/>
  <node id="10060645503" lat="12.9703897" lon="77.6008054">
    <tag k="highway" v="crossing"/>
  </node>
  <node id="10060645504" lat="12.9703872" lon="77.6008244">
    <tag k="access" v="private"/>
    <tag k="barrier" v="gate"/>
  </node>
  <node id="10060645506" lat="12.9703551" lon="77.6009522"/>
  <node id="10060645507" lat="12.9696917" lon="77.6008045"/>
  <node id="10060645508" lat="12.9697350" lon="77.6005980"/>
  <node id="10060645509" lat="12.9697257" lon="77.6006491">
    <tag k="highway" v="crossing"/>
  </node>
  <node id="10060645512" lat="12.9695634" lon="77.6005594"/>
  <node id="10060645514" lat="12.9696865" lon="77.5999255"/>
  <node id="10060658417" lat="12.9695736" lon="77.6005039">
    <tag k="highway" v="crossing"/>
  </node>
  <node id="10060658418" lat="12.9694552" lon="77.6024469"/>
  <node id="10060658423" lat="12.9684304" lon="77.6010695"/>
  <node id="10060658427" lat="12.9683601" lon="77.6011035">
    <tag k="highway" v="crossing"/>
  </node>
  <node id="10060658437" lat="12.9679072" lon="77.6001938"/>
  <node id="10060658438" lat="12.9680829" lon="77.6000018"/>
  <node id="10060658439" lat="12.9679707" lon="77.6000541">
    <tag k="crossing" v="traffic_signals"/>
    <tag k="highway" v="crossing"/>
  </node>
  <node id="10060658440" lat="12.9677556" lon="77.6005085"/>
  <node id="10060658505" lat="12.9657718" lon="77.5966039"/>
  <node id="10068998590" lat="12.9680264" lon="77.6000281"/>
  <node id="10068998591" lat="12.9680458" lon="77.6000191">
    <tag k="access" v="private"/>
    <tag k="entrance" v="main"/>
    <tag k="source" v="local knowledge;survey"/>
  </node>
  <node id="10086531856" lat="12.9682493" lon="77.6002957"/>
  <node id="10086531859" lat="12.9715759" lon="77.6009653">
    <tag k="highway" v="crossing"/>
  </node>
  <node id="10086858716" lat="12.9747264" lon="77.6003086"/>
  <node id="10086861517" lat="12.9741689" lon="77.6013359">
    <tag k="access" v="private"/>
    <tag k="barrier" v="gate"/>
  </node>
  <node id="10086861518" lat="12.9743741" lon="77.6013686">
    <tag k="access" v="private"/>
    <tag k="barrier" v="gate"/>
  </node>
  <node id="10086861519" lat="12.9740987" lon="77.6006363"/>
  <node id="10086861521" lat="12.9697204" lon="77.6006689">
    <tag k="access" v="private"/>
    <tag k="barrier" v="gate"/>
  </node>
  <node id="10086861522" lat="12.9692800" lon="77.6004366"/>
  <node id="10086861523" lat="12.9693904" lon="77.5999385"/>
  <node id="10086861524" lat="12.9692674" lon="77.6004894"/>
  <node id="10086861526" lat="12.9716564" lon="77.5947137"/>
  <node id="10086861528" lat="12.9715583" lon="77.5949903"/>
  <node id="10086861531" lat="12.9718423" lon="77.5945022">
    <tag k="access" v="private"/>
    <tag k="barrier" v="lift_gate"/>
  </node>
  <node id="10086861533" lat="12.9718332" lon="77.5945245">
    <tag k="access" v="private"/>
    <tag k="barrier" v="lift_gate"/>
  </node>
  <node id="10086861535" lat="12.9718191" lon="77.5941742"/>
  <node id="10086861536" lat="12.9718520" lon="77.5943049"/>
  <node id="10086861537" lat="12.9718056" lon="77.5945030"/>
  <node id="10086861538" lat="12.9714860" lon="77.5944313"/>
  <node id="10086861541" lat="12.9707283" lon="77.5944131"/>
  <node id="10086861542" lat="12.9706883" lon="77.5942240"/>
  <node id="10086861543" lat="12.9677926" lon="77.5968635"/>
  <node id="10086861544" lat="12.9691208" lon="77.5943822"/>
  <node id="10086861545" lat="12.9705444" lon="77.5940779"/>
  <node id="10086861546" lat="12.9717048" lon="77.5938903">
    <tag k="access" v="private"/>
    <tag k="barrier" v="gate"/>
  </node>
  <node id="10117863522" lat="12.9754346" lon="77.5976688"/>
  <node id="10117863523" lat="12.9750513" lon="77.5978306"/>
  <node id="10117863525" lat="12.9752393" lon="77.5980622"/>
  <node id="10120806055" lat="12.9667161" lon="77.5986710"/>
  <node id="10129602797" lat="12.9674850" lon="77.5949070"/>
  <node id="10137987849" lat="12.9732189" lon="77.6011700"/>
  <node id="10168918040" lat="12.9679127" lon="77.6003960">
    <tag k="crossing" v="traffic_signals"/>
    <tag k="crossing:markings" v="zebra"/>
    <tag k="highway" v="crossing"/>
    <tag k="traffic_signals:countdown" v="yes"/>
  </node>
  <node id="10185487524" lat="12.9694058" lon="77.5923350"/>
  <node id="10185487525" lat="12.9694821" lon="77.5923184"/>
  <node id="10197618935" lat="12.9684704" lon="77.5991017"/>
  <node id="10197618936" lat="12.9741470" lon="77.5962892"/>
  <node id="10201030344" lat="12.9719214" lon="77.6006902"/>
  <node id="10236025444" lat="12.9731107" lon="77.5999506">
    <tag k="highway" v="crossing"/>
  </node>
  <node id="10236025445" lat="12.9724626" lon="77.5998747"/>
  <node id="10236025446" lat="12.9731465" lon="77.5999547"/>
  <node id="10236025447" lat="12.9730840" lon="77.5999474">
    <tag k="barrier" v="gate"/>
  </node>
  <node id="10236025448" lat="12.9726348" lon="77.5995995"/>
  <node id="10236025449" lat="12.9732797" lon="77.6007566"/>
  <node id="10236025450" lat="12.9732575" lon="77.6006855"/>
  <node id="10236025451" lat="12.9731086" lon="77.6005981"/>
  <node id="10236025452" lat="12.9731837" lon="77.6006130">
    <tag k="access" v="private"/>
    <tag k="barrier" v="gate"/>
  </node>
  <node id="10236025453" lat="12.9731140" lon="77.6005063"/>
  <node id="10236025454" lat="12.9731912" lon="77.6005174">
    <tag k="access" v="private"/>
    <tag k="barrier" v="gate"/>
  </node>
  <node id="10236025455" lat="12.9731253" lon="77.5997033">
    <tag k="highway" v="crossing"/>
  </node>
  <node id="10236025457" lat="12.9731609" lon="77.5997092"/>
  <node id="10236025492" lat="12.9664436" lon="77.5965335"/>
  <node id="10272932161" lat="12.9724782" lon="77.5997340"/>
  <node id="10272932162" lat="12.9728184" lon="77.5997243">
    <tag k="entrance" v="yes"/>
  </node>
  <node id="10272932163" lat="12.9728742" lon="77.5997297"/>
  <node id="10272932164" lat="12.9728567" lon="77.5999208"/>
  <node id="10272932166" lat="12.9725388" lon="77.6011371">
    <tag k="highway" v="crossing"/>
  </node>
  <node id="10272932167" lat="12.9725691" lon="77.6007231"/>
  <node id="10272932168" lat="12.9725336" lon="77.6012072"/>
  <node id="10272932169" lat="12.9725414" lon="77.6011008">
    <tag k="barrier" v="gate"/>
  </node>
  <node id="10272932193" lat="12.9751756" lon="77.5916945"/>
  <node id="10272932194" lat="12.9767653" lon="77.5935018"/>
  <node id="10272932195" lat="12.9764195" lon="77.5927929"/>
  <node id="10279647093" lat="12.9738160" lon="77.5974927">
    <tag k="amenity" v="parking_entrance"/>
    <tag k="parking" v="underground"/>
  </node>
  <node id="10279647094" lat="12.9737005" lon="77.5972351">
    <tag k="barrier" v="gate"/>
  </node>
  <node id="10279647095" lat="12.9736773" lon="77.5971951"/>
  <node id="10279647098" lat="12.9752055" lon="77.5974215"/>
  <node id="10279647100" lat="12.9753774" lon="77.5976785"/>
  <node id="10279647104" lat="12.9749855" lon="77.5971069"/>
  <node id="10279727329" lat="12.9677699" lon="77.5978612"/>
  <node id="10290817566" lat="12.9734218" lon="77.5969665"/>
  <node id="10290817596" lat="12.9724280" lon="77.5969324"/>
  <node id="10290817598" lat="12.9725863" lon="77.5972562"/>
  <node id="10290817599" lat="12.9730802" lon="77.5974447"/>
  <node id="10290817600" lat="12.9731821" lon="77.5974566"/>
  <node id="10290817601" lat="12.9734137" lon="77.5973852"/>
  <node id="10290817602" lat="12.9735241" lon="77.5974367"/>
  <node id="10290817603" lat="12.9732897" lon="77.5973504"/>
  <node id="10290817604" lat="12.9733790" lon="77.5974434"/>
  <node id="10290817605" lat="12.9735094" lon="77.5974940"/>
  <node id="10290842813" lat="12.9730566" lon="77.5949802"/>
  <node id="10290842814" lat="12.9731258" lon="77.5948818"/>
  <node id="10290842815" lat="12.9731065" lon="77.5950217"/>
  <node id="10290842816" lat="12.9731793" lon="77.5949249"/>
  <node id="10290842817" lat="12.9730311" lon="77.5950680"/>
  <node id="10290842818" lat="12.9731540" lon="77.5950138"/>
  <node id="10290842824" lat="12.9712568" lon="77.5967560"/>
  <node id="10291234819" lat="12.9712110" lon="77.5968371">
    <tag k="access" v="private"/>
    <tag k="barrier" v="gate"/>
  </node>
  <node id="10291234822" lat="12.9722932" lon="77.5969598"/>
  <node id="10295397882" lat="12.9755780" lon="77.6011049"/>
  <node id="10295397889" lat="12.9713631" lon="77.6009180">
    <tag k="highway" v="crossing"/>
  </node>
  <node id="10295397890" lat="12.9714924" lon="77.6003401"/>
  <node id="10295397891" lat="12.9713175" lon="77.6009507"/>
  <node id="10295397906" lat="12.9707047" lon="77.6006469"/>
  <node id="10295397907" lat="12.9706805" lon="77.6007661"/>
  <node id="10295411711" lat="12.9706901" lon="77.6007186">
    <tag k="entrance" v="yes"/>
  </node>
  <node id="10295411722" lat="12.9755014" lon="77.6013189"/>
  <node id="10295411729" lat="12.9754860" lon="77.6009137">
    <tag k="access" v="private"/>
    <tag k="barrier" v="gate"/>
    <tag k="name" v="Gate 3"/>
  </node>
  <node id="10295411739" lat="12.9762961" lon="77.5989717"/>
  <node id="10295411742" lat="12.9756740" lon="77.5999375">
    <tag k="access" v="private"/>
    <tag k="barrier" v="gate"/>
    <tag k="name" v="Gate 2"/>
  </node>
  <node id="10298313285" lat="12.9758817" lon="77.6005838"/>
  <node id="10298313286" lat="12.9757706" lon="77.6006949"/>
  <node id="10298313287" lat="12.9755414" lon="77.6007413"/>
  <node id="10561097170" lat="12.9679945" lon="77.5927484"/>
  <node id="10595455526" lat="12.9719005" lon="77.5945532"/>
  <node id="10595455527" lat="12.9717230" lon="77.5950442"/>
  <node id="10595455529" lat="12.9711729" lon="77.5964788"/>
  <node id="10595455530" lat="12.9711479" lon="77.5967059"/>
  <node id="10595455531" lat="12.9711411" lon="77.5968318"/>
  <node id="10595455532" lat="12.9711293" lon="77.5972453"/>
  <node id="10595455534" lat="12.9711441" lon="77.5974773"/>
  <node id="10595455538" lat="12.9721736" lon="77.5939704"/>
  <node id="10753340358" lat="12.9716840" lon="77.6002302"/>
  <node id="10753340359" lat="12.9718467" lon="77.6002389"/>
  <node id="10753340360" lat="12.9718537" lon="77.6002042"/>
  <node id="10753340364" lat="12.9742796" lon="77.5958982"/>
  <node id="10753340369" lat="12.9745734" lon="77.5967230"/>
  <node id="10753340370" lat="12.9745829" lon="77.5967440">
    <tag k="entrance" v="yes"/>
  </node>
  <node id="10753340371" lat="12.9746029" lon="77.5966463"/>
  <node id="10753340372" lat="12.9746253" lon="77.5966985"/>
  <node id="10753340373" lat="12.9746187" lon="77.5966836">
    <tag k="barrier" v="gate"/>
  </node>
  <node id="10774605386" lat="12.9749137" lon="77.5998036"/>
  <node id="10783592397" lat="12.9721174" lon="77.5941694">
    <tag k="crossing" v="traffic_signals"/>
    <tag k="crossing:markings" v="zebra"/>
    <tag k="highway" v="crossing"/>
    <tag k="traffic_signals:countdown" v="yes"/>
  </node>
  <node id="10783592398" lat="12.9723212" lon="77.5939182">
    <tag k="highway" v="traffic_signals"/>
  </node>
  <node id="10783592399" lat="12.9720666" lon="77.5938669">
    <tag k="crossing" v="traffic_signals"/>
    <tag k="highway" v="crossing"/>
  </node>
  <node id="10814598067" lat="12.9679164" lon="77.5925732"/>
  <node id="10814598068" lat="12.9679478" lon="77.5924389"/>
  <node id="10814598069" lat="12.9680072" lon="77.5921073"/>
  <node id="10814598070" lat="12.9680129" lon="77.5918519"/>
  <node id="10814598071" lat="12.9679917" lon="77.5914722"/>
  <node id="10814598072" lat="12.9678586" lon="77.5909945"/>
  <node id="10814598073" lat="12.9677811" lon="77.5907085"/>
  <node id="10814598074" lat="12.9676537" lon="77.5900678"/>
  <node id="10814598075" lat="12.9676125" lon="77.5896833"/>
  <node id="10814598076" lat="12.9675492" lon="77.5893718"/>
  <node id="10814598077" lat="12.9674257" lon="77.5891465"/>
  <node id="10814598079" lat="12.9675650" lon="77.5894184">
    <tag k="highway" v="crossing"/>
  </node>
  <node id="10814598080" lat="12.9676414" lon="77.5898847">
    <tag k="highway" v="crossing"/>
  </node>
  <node id="10814598081" lat="12.9677317" lon="77.5904601">
    <tag k="crossing" v="unmarked"/>
    <tag k="highway" v="crossing"/>
  </node>
  <node id="10814598082" lat="12.9681127" lon="77.5926143"/>
  <node id="10814598083" lat="12.9681611" lon="77.5923501"/>
  <node id="10814598084" lat="12.9680778" lon="77.5927457">
    <tag k="crossing" v="unmarked"/>
    <tag k="crossing:markings" v="no"/>
    <tag k="highway" v="crossing"/>
  </node>
  <node id="10814598085" lat="12.9682112" lon="77.5919227"/>
  <node id="10814598086" lat="12.9681421" lon="77.5913126"/>
  <node id="10814598087" lat="12.9678760" lon="77.5903603"/>
  <node id="10814598088" lat="12.9678207" lon="77.5900376"/>
  <node id="10814598089" lat="12.9678025" lon="77.5893751"/>
  <node id="10814598090" lat="12.9679441" lon="77.5929661">
    <tag k="traffic_calming" v="rumble_strip"/>
  </node>
  <node id="10814598091" lat="12.9679609" lon="77.5928933">
    <tag k="surface" v="asphalt"/>
    <tag k="traffic_calming" v="hump"/>
  </node>
  <node id="10839545421" lat="12.9743975" lon="77.5954298"/>
  <node id="10839545422" lat="12.9743431" lon="77.5954167"/>
  <node id="10839545423" lat="12.9742152" lon="77.5954249"/>
  <node id="10839545424" lat="12.9745986" lon="77.5949922"/>
  <node id="10839554329" lat="12.9744023" lon="77.5934439"/>
  <node id="10839554330" lat="12.9743316" lon="77.5938670"/>
  <node id="10864047665" lat="12.9691415" lon="77.6020679"/>
  <node id="10864047666" lat="12.9690758" lon="77.6021211"/>
  <node id="10864047669" lat="12.9689650" lon="77.6018476"/>
  <node id="10864047693" lat="12.9688925" lon="77.6018924">
    <tag k="highway" v="crossing"/>
  </node>
  <node id="10864047694" lat="12.9687744" lon="77.6017144">
    <tag k="highway" v="crossing"/>
  </node>
  <node id="10978444094" lat="12.9680954" lon="77.5927451"/>
  <node id="10978444095" lat="12.9681547" lon="77.5927432"/>
  <node id="10978670218" lat="12.9751216" lon="77.5968441">
    <tag k="access" v="private"/>
    <tag k="barrier" v="gate"/>
  </node>
  <node id="10988870693" lat="12.9692913" lon="77.6003857">
    <tag k="access" v="private"/>
    <tag k="barrier" v="gate"/>
  </node>
  <node id="10988894194" lat="12.9682972" lon="77.5965299">
    <tag k="access" v="private"/>
    <tag k="barrier" v="gate"/>
  </node>
  <node id="10991527881" lat="12.9752005" lon="77.5973362"/>
  <node id="10991527882" lat="12.9751654" lon="77.5973548"/>
  <node id="10991527883" lat="12.9749306" lon="77.5974801"/>
  <node id="10991527884" lat="12.9748601" lon="77.5973170"/>
  <node id="10991527886" lat="12.9746906" lon="77.5973919"/>
  <node id="10991656250" lat="12.9712618" lon="77.5969169"/>
  <node id="10991656256" lat="12.9712234" lon="77.5971700"/>
  <node id="10991656257" lat="12.9711307" lon="77.5971661"/>
  <node id="10996440904" lat="12.9710166" lon="77.6009782">
    <tag k="access" v="private"/>
    <tag k="barrier" v="gate"/>
  </node>
  <node id="10996448526" lat="12.9710024" lon="77.5981348">
    <tag k="access" v="private"/>
    <tag k="barrier" v="lift_gate"/>
  </node>
  <node id="10996448527" lat="12.9710369" lon="77.5979621">
    <tag k="access" v="private"/>
    <tag k="barrier" v="lift_gate"/>
  </node>
  <node id="10996454703" lat="12.9715832" lon="77.6009310">
    <tag k="access" v="private"/>
    <tag k="barrier" v="gate"/>
  </node>
  <node id="10996461798" lat="12.9734710" lon="77.5974215">
    <tag k="access" v="private"/>
    <tag k="barrier" v="gate"/>
  </node>
  <node id="10996461799" lat="12.9734582" lon="77.5974860">
    <tag k="access" v="private"/>
    <tag k="barrier" v="gate"/>
  </node>
  <node id="10996480405" lat="12.9705622" lon="77.6008727">
    <tag k="access" v="private"/>
    <tag k="barrier" v="gate"/>
  </node>
  <node id="10996504605" lat="12.9735406" lon="77.5976757">
    <tag k="access" v="private"/>
    <tag k="barrier" v="gate"/>
  </node>
  <node id="11021534173" lat="12.9753813" lon="77.5976888">
    <tag k="access" v="private"/>
    <tag k="barrier" v="gate"/>
  </node>
  <node id="11021534174" lat="12.9753961" lon="77.5976852">
    <tag k="highway" v="crossing"/>
  </node>
  <node id="11021717289" lat="12.9754960" lon="77.5974928">
    <tag k="access" v="private"/>
    <tag k="barrier" v="lift_gate"/>
  </node>
  <node id="11022196485" lat="12.9681961" lon="77.5927347">
    <tag k="access" v="private"/>
    <tag k="barrier" v="gate"/>
  </node>
  <node id="11022205622" lat="12.9716523" lon="77.5950181">
    <tag k="access" v="private"/>
    <tag k="barrier" v="gate"/>
  </node>
  <node id="11022205623" lat="12.9716117" lon="77.5948264"/>
  <node id="11022221095" lat="12.9716853" lon="77.5944760"/>
  <node id="11035791438" lat="12.9746708" lon="77.5990556">
    <tag k="access" v="private"/>
    <tag k="barrier" v="gate"/>
  </node>
  <node id="11035791439" lat="12.9748832" lon="77.5992237"/>
  <node id="11035791440" lat="12.9746278" lon="77.5990464"/>
  <node id="11035791469" lat="12.9759516" lon="77.5973488"/>
  <node id="11035791470" lat="12.9760155" lon="77.5975077"/>
  <node id="11035791471" lat="12.9760056" lon="77.5975576"/>
  <node id="11035791472" lat="12.9759623" lon="77.5976480"/>
  <node id="11035791473" lat="12.9759303" lon="77.5976860"/>
  <node id="11035791474" lat="12.9758925" lon="77.5977179"/>
  <node id="11035791475" lat="12.9760169" lon="77.5974568"/>
  <node id="11035791476" lat="12.9759875" lon="77.5976050"/>
  <node id="11035791477" lat="12.9754199" lon="77.5973234"/>
  <node id="11035791478" lat="12.9754240" lon="77.5972993"/>
  <node id="11035791479" lat="12.9754466" lon="77.5972415"/>
  <node id="11035791480" lat="12.9754761" lon="77.5972186"/>
  <node id="11035791481" lat="12.9755151" lon="77.5972077"/>
  <node id="11035791482" lat="12.9754347" lon="77.5972674"/>
  <node id="11078621095" lat="12.9717280" lon="77.5953218"/>
  <node id="11088682663" lat="12.9695350" lon="77.6024237"/>
  <node id="11102370589" lat="12.9698196" lon="77.6029278"/>
  <node id="11102370593" lat="12.9698639" lon="77.6029865"/>
  <node id="11124342670" lat="12.9740369" lon="77.5959776">
    <tag k="access" v="private"/>
    <tag k="barrier" v="gate"/>
  </node>
  <node id="11124342671" lat="12.9738924" lon="77.5958226">
    <tag k="access" v="private"/>
    <tag k="barrier" v="gate"/>
  </node>
  <node id="11133510082" lat="12.9725226" lon="77.5935988">
    <tag k="entrance" v="yes"/>
  </node>
  <node id="11133510083" lat="12.9732631" lon="77.5925320">
    <tag k="entrance" v="yes"/>
  </node>
  <node id="11133510084" lat="12.9745790" lon="77.5932772">
    <tag k="entrance" v="yes"/>
  </node>
  <node id="11133510086" lat="12.9724842" lon="77.5935619"/>
  <node id="11133510087" lat="12.9733240" lon="77.5925678"/>
  <node id="11182515098" lat="12.9747860" lon="77.5947553"/>
  <node id="11297929234" lat="12.9712059" lon="77.5975831">
    <tag k="barrier" v="kerb"/>
  </node>
  <node id="11297929245" lat="12.9711533" lon="77.5975875">
    <tag k="crossing" v="uncontrolled"/>
    <tag k="crossing:markings" v="zebra"/>
    <tag k="highway" v="crossing"/>
  </node>
  <node id="11297929254" lat="12.9710588" lon="77.5975921"/>
  <node id="11298111554" lat="12.9703054" lon="77.5921707"/>
  <node id="11298111556" lat="12.9680697" lon="77.6001237"/>
  <node id="11298111558" lat="12.9702713" lon="77.5921784"/>
  <node id="11298111560" lat="12.9681108" lon="77.6003679">
    <tag k="barrier" v="kerb"/>
    <tag k="kerb" v="lowered"/>
    <tag k="tactile_paving" v="yes"/>
  </node>
  <node id="11298111563" lat="12.9702215" lon="77.5921022"/>
  <node id="11330441429" lat="12.9709986" lon="77.5974642">
    <tag k="access" v="private"/>
    <tag k="barrier" v="gate"/>
  </node>
  <node id="11330446013" lat="12.9710745" lon="77.5966964">
    <tag k="access" v="private"/>
    <tag k="barrier" v="gate"/>
  </node>
  <node id="11330446014" lat="12.9710500" lon="77.5972418">
    <tag k="access" v="private"/>
    <tag k="barrier" v="gate"/>
  </node>
  <node id="11342928935" lat="12.9720901" lon="77.5938497"/>
  <node id="11342928936" lat="12.9721597" lon="77.5939230"/>
  <node id="11342928937" lat="12.9721849" lon="77.5939035"/>
  <node id="11342928938" lat="12.9721509" lon="77.5941858"/>
  <node id="11342928939" lat="12.9721594" lon="77.5941680"/>
  <node id="11342928940" lat="12.9721741" lon="77.5941787"/>
  <node id="11342928941" lat="12.9722864" lon="77.5940356"/>
  <node id="11342928942" lat="12.9722682" lon="77.5940158"/>
  <node id="11342928943" lat="12.9722799" lon="77.5939998"/>
  <node id="11342928944" lat="12.9722159" lon="77.5943176"/>
  <node id="11342928945" lat="12.9721591" lon="77.5943137"/>
  <node id="11342928946" lat="12.9751575" lon="77.5973718"/>
  <node id="11342975170" lat="12.9720690" lon="77.5936859"/>
  <node id="11342975171" lat="12.9720767" lon="77.5937935">
    <tag k="noexit" v="yes"/>
  </node>
  <node id="11342975172" lat="12.9722847" lon="77.5940046">
    <tag k="noexit" v="yes"/>
  </node>
  <node id="11342975173" lat="12.9722484" lon="77.5939666">
    <tag k="crossing" v="traffic_signals"/>
    <tag k="crossing:markings" v="zebra"/>
    <tag k="highway" v="crossing"/>
  </node>
  <node id="11342975174" lat="12.9722141" lon="77.5939335">
    <tag k="crossing" v="traffic_signals"/>
    <tag k="crossing:markings" v="zebra"/>
    <tag k="highway" v="crossing"/>
  </node>
  <node id="11342975175" lat="12.9721564" lon="77.5941885">
    <tag k="noexit" v="yes"/>
  </node>
  <node id="11342975176" lat="12.9722898" lon="77.5940313">
    <tag k="noexit" v="yes"/>
  </node>
  <node id="11342975178" lat="12.9722221" lon="77.5941421">
    <tag k="highway" v="traffic_signals"/>
  </node>
  <node id="11342975180" lat="12.9720898" lon="77.5943756"/>
  <node id="11342975181" lat="12.9722149" lon="77.5943015"/>
  <node id="11342975182" lat="12.9723182" lon="77.5943142"/>
  <node id="11342975184" lat="12.9726570" lon="77.5945781"/>
  <node id="11342975185" lat="12.9730915" lon="77.5949311"/>
  <node id="11342975186" lat="12.9731428" lon="77.5949706"/>
  <node id="11342975187" lat="12.9733513" lon="77.5951200"/>
  <node id="11342975188" lat="12.9739437" lon="77.5955486"/>
  <node id="11342975189" lat="12.9724610" lon="77.5940993"/>
  <node id="11342975190" lat="12.9736757" lon="77.5951850"/>
  <node id="11342975191" lat="12.9737534" lon="77.5953023"/>
  <node id="11342975192" lat="12.9738450" lon="77.5954240"/>
  <node id="11342975195" lat="12.9743011" lon="77.5959500"/>
  <node id="11342975196" lat="12.9745114" lon="77.5961996"/>
  <node id="11342975197" lat="12.9746857" lon="77.5964056"/>
  <node id="11342975198" lat="12.9748865" lon="77.5966469"/>
  <node id="11342975199" lat="12.9750814" lon="77.5968910"/>
  <node id="11342975200" lat="12.9751529" lon="77.5970120"/>
  <node id="11342975201" lat="12.9753250" lon="77.5972919"/>
  <node id="11342975204" lat="12.9760649" lon="77.5983297"/>
  <node id="11342975205" lat="12.9762509" lon="77.5985948"/>
  <node id="11342975206" lat="12.9765443" lon="77.5989082"/>
  <node id="11342975207" lat="12.9766259" lon="77.5988971"/>
  <node id="11342975210" lat="12.9739632" lon="77.5955332"/>
  <node id="11342975211" lat="12.9738099" lon="77.5956759"/>
  <node id="11342975212" lat="12.9737959" lon="77.5956873"/>
  <node id="11342975213" lat="12.9735094" lon="77.5953170"/>
  <node id="11342975214" lat="12.9736273" lon="77.5954743"/>
  <node id="11342975215" lat="12.9737401" lon="77.5955937"/>
  <node id="11342975216" lat="12.9739105" lon="77.5958099"/>
  <node id="11342975218" lat="12.9744197" lon="77.5964362"/>
  <node id="11342975220" lat="12.9747616" lon="77.5968009"/>
  <node id="11342975221" lat="12.9746184" lon="77.5966375">
    <tag k="highway" v="crossing"/>
  </node>
  <node id="11342975222" lat="12.9749789" lon="77.5971160"/>
  <node id="11342975224" lat="12.9753811" lon="77.5976644"/>
  <node id="11342975225" lat="12.9753673" lon="77.5976453"/>
  <node id="11342975227" lat="12.9764356" lon="77.5991799">
    <tag k="barrier" v="kerb"/>
    <tag k="kerb" v="raised"/>
  </node>
  <node id="11342975229" lat="12.9764201" lon="77.5992391"/>
  <node id="11342975230" lat="12.9763090" lon="77.5989679"/>
  <node id="11342975260" lat="12.9764060" lon="77.5991282"/>
  <node id="11350643473" lat="12.9758176" lon="77.5982775"/>
  <node id="11356383334" lat="12.9738162" lon="77.5979637"/>
  <node id="11383248303" lat="12.9734967" lon="77.5979736"/>
  <node id="11383288076" lat="12.9699174" lon="77.6005502">
    <tag k="access" v="private"/>
    <tag k="barrier" v="lift_gate"/>
  </node>
  <node id="11383327924" lat="12.9713572" lon="77.5979673"/>
  <node id="11384980798" lat="12.9755341" lon="77.5990217"/>
  <node id="11384980800" lat="12.9757120" lon="77.5989206"/>
  <node id="11384980801" lat="12.9756987" lon="77.5989163"/>
  <node id="11384980802" lat="12.9757090" lon="77.5989178"/>
  <node id="11384980803" lat="12.9757063" lon="77.5989161"/>
  <node id="11384980804" lat="12.9757134" lon="77.5989232"/>
  <node id="11384980805" lat="12.9753313" lon="77.5991765"/>
  <node id="11384980809" lat="12.9754746" lon="77.5993724"/>
  <node id="11384980810" lat="12.9754602" lon="77.5993704"/>
  <node id="11384980811" lat="12.9754404" lon="77.5993533"/>
  <node id="11384980812" lat="12.9754531" lon="77.5993682"/>
  <node id="11384980813" lat="12.9754437" lon="77.5993598"/>
  <node id="11384980814" lat="12.9754674" lon="77.5993714"/>
  <node id="11384980815" lat="12.9756363" lon="77.5993887"/>
  <node id="11384980816" lat="12.9756279" lon="77.5993829"/>
  <node id="11384980817" lat="12.9756347" lon="77.5993858"/>
  <node id="11384980818" lat="12.9756305" lon="77.5993831"/>
  <node id="11384980819" lat="12.9757848" lon="77.5996623">
    <tag k="access" v="private"/>
    <tag k="barrier" v="gate"/>
  </node>
  <node id="11384980820" lat="12.9760414" lon="77.5994962">
    <tag k="access" v="private"/>
    <tag k="barrier" v="gate"/>
  </node>
  <node id="11386965262" lat="12.9694146" lon="77.5970614"/>
  <node id="11386965263" lat="12.9693556" lon="77.5972415">
    <tag k="access" v="private"/>
    <tag k="barrier" v="gate"/>
  </node>
  <node id="11386965264" lat="12.9699470" lon="77.5959668"/>
  <node id="11387002790" lat="12.9711469" lon="77.5961667">
    <tag k="access" v="private"/>
    <tag k="barrier" v="gate"/>
  </node>
  <node id="11387002791" lat="12.9709695" lon="77.5959944"/>
  <node id="11387002792" lat="12.9707976" lon="77.5963855"/>
  <node id="11387002794" lat="12.9710918" lon="77.5964572">
    <tag k="access" v="private"/>
    <tag k="barrier" v="lift_gate"/>
  </node>
  <node id="11387005522" lat="12.9678471" lon="77.5983516"/>
  <node id="11387005523" lat="12.9673365" lon="77.5984005"/>
  <node id="11387005524" lat="12.9683852" lon="77.5984260"/>
  <node id="11387005525" lat="12.9688687" lon="77.5993212"/>
  <node id="11387005526" lat="12.9687665" lon="77.5991926"/>
  <node id="11387005527" lat="12.9689531" lon="77.5991545"/>
  <node id="11387937883" lat="12.9758608" lon="77.5915754"/>
  <node id="11387937887" lat="12.9746559" lon="77.5912334"/>
  <node id="11405428617" lat="12.9678933" lon="77.5887621">
    <tag k="crossing" v="uncontrolled"/>
    <tag k="highway" v="crossing"/>
  </node>
  <node id="11425324455" lat="12.9717996" lon="77.5940720"/>
  <node id="11425324456" lat="12.9717006" lon="77.5940721"/>
  <node id="11425324458" lat="12.9709882" lon="77.5942417"/>
  <node id="11425324459" lat="12.9707023" lon="77.5943083"/>
  <node id="11425324460" lat="12.9704807" lon="77.5943482"/>
  <node id="11425324461" lat="12.9704157" lon="77.5943803"/>
  <node id="11425324462" lat="12.9702854" lon="77.5944070"/>
  <node id="11425324463" lat="12.9701712" lon="77.5944092"/>
  <node id="11425324464" lat="12.9695649" lon="77.5945443"/>
  <node id="11425324465" lat="12.9689959" lon="77.5946672"/>
  <node id="11425324466" lat="12.9676558" lon="77.5949438"/>
  <node id="11425324467" lat="12.9674824" lon="77.5949774"/>
  <node id="11425338069" lat="12.9714688" lon="77.5943267"/>
  <node id="11425338070" lat="12.9714052" lon="77.5943424"/>
  <node id="11425338071" lat="12.9713644" lon="77.5943544"/>
  <node id="11425338072" lat="12.9713527" lon="77.5943664"/>
  <node id="11425338073" lat="12.9713492" lon="77.5943951"/>
  <node id="11425338074" lat="12.9713632" lon="77.5944263"/>
  <node id="11425338075" lat="12.9713936" lon="77.5944490">
    <tag k="amenity" v="parking_entrance"/>
    <tag k="parking" v="underground"/>
  </node>
  <node id="11425338076" lat="12.9670885" lon="77.5946018"/>
  <node id="11425338090" lat="12.9680563" lon="77.5928265"/>
  <node id="11425338091" lat="12.9680404" lon="77.5928215"/>
  <node id="11425338092" lat="12.9678777" lon="77.5927888"/>
  <node id="11425338093" lat="12.9679211" lon="77.5927876"/>
  <node id="11425338094" lat="12.9679814" lon="77.5928047">
    <tag k="crossing" v="uncontrolled"/>
    <tag k="highway" v="crossing"/>
  </node>
  <node id="11425338099" lat="12.9716147" lon="77.5939749"/>
  <node id="11425338100" lat="12.9698648" lon="77.5943364"/>
  <node id="11425338101" lat="12.9687346" lon="77.5945731"/>
  <node id="11425338102" lat="12.9676813" lon="77.5948145"/>
  <node id="11425338103" lat="12.9673542" lon="77.5948710"/>
  <node id="11425338105" lat="12.9672739" lon="77.5948569"/>
  <node id="11425338106" lat="12.9671833" lon="77.5947992"/>
  <node id="11425338107" lat="12.9671491" lon="77.5947541"/>
  <node id="11425338108" lat="12.9671442" lon="77.5946460"/>
  <node id="11425338109" lat="12.9671668" lon="77.5946053"/>
  <node id="11425338110" lat="12.9675077" lon="77.5942754"/>
  <node id="11425338111" lat="12.9676336" lon="77.5941445"/>
  <node id="11425338112" lat="12.9678111" lon="77.5938259"/>
  <node id="11425338114" lat="12.9678851" lon="77.5935647"/>
  <node id="11425338115" lat="12.9680209" lon="77.5930000"/>
  <node id="11425338116" lat="12.9680335" lon="77.5929917"/>
  <node id="11425338117" lat="12.9680760" lon="77.5928457"/>
  <node id="11425338121" lat="12.9716840" lon="77.5939597"/>
  <node id="11425338122" lat="12.9717198" lon="77.5939086"/>
  <node id="11425338145" lat="12.9719620" lon="77.5942760"/>
  <node id="11425338146" lat="12.9719621" lon="77.5942263"/>
  <node id="11425338147" lat="12.9719145" lon="77.5941519"/>
  <node id="11425338148" lat="12.9718932" lon="77.5941688"/>
  <node id="11425338149" lat="12.9718798" lon="77.5941129"/>
  <node id="11425338150" lat="12.9718505" lon="77.5940866"/>
  <node id="11425338151" lat="12.9718840" lon="77.5945178"/>
  <node id="11425338152" lat="12.9718763" lon="77.5945424"/>
  <node id="11425338154" lat="12.9716747" lon="77.5950224">
    <tag k="highway" v="crossing"/>
  </node>
  <node id="11425338155" lat="12.9716014" lon="77.5950091"/>
  <node id="11425338156" lat="12.9718238" lon="77.5946692"/>
  <node id="11425338157" lat="12.9712486" lon="77.5959877"/>
  <node id="11425338158" lat="12.9711864" lon="77.5961783">
    <tag k="highway" v="crossing"/>
  </node>
  <node id="11425338159" lat="12.9711015" lon="77.5964596">
    <tag k="highway" v="crossing"/>
  </node>
  <node id="11425338161" lat="12.9711767" lon="77.5961746"/>
  <node id="11425338162" lat="12.9717505" lon="77.5951395"/>
  <node id="11425338163" lat="12.9716810" lon="77.5953032"/>
  <node id="11425338164" lat="12.9714049" lon="77.5959593"/>
  <node id="11425338165" lat="12.9712650" lon="77.5962981"/>
  <node id="11425338166" lat="12.9712330" lon="77.5964321"/>
  <node id="11425338167" lat="12.9711976" lon="77.5967549"/>
  <node id="11425338168" lat="12.9711871" lon="77.5968345"/>
  <node id="11425338169" lat="12.9711826" lon="77.5969075"/>
  <node id="11425338170" lat="12.9711813" lon="77.5971682"/>
  <node id="11425338171" lat="12.9711878" lon="77.5972447">
    <tag k="highway" v="crossing"/>
  </node>
  <node id="11425338172" lat="12.9712369" lon="77.5976585">
    <tag k="barrier" v="kerb"/>
  </node>
  <node id="11425338173" lat="12.9712751" lon="77.5977321">
    <tag k="crossing" v="uncontrolled"/>
    <tag k="crossing:markings" v="yes"/>
    <tag k="highway" v="crossing"/>
  </node>
  <node id="11425338174" lat="12.9713156" lon="77.5978052">
    <tag k="barrier" v="kerb"/>
  </node>
  <node id="11425338175" lat="12.9712175" lon="77.5975819"/>
  <node id="11425338176" lat="12.9710789" lon="77.5975909">
    <tag k="barrier" v="kerb"/>
  </node>
  <node id="11425338181" lat="12.9725973" lon="77.5990022"/>
  <node id="11425338183" lat="12.9727546" lon="77.5991668"/>
  <node id="11425338184" lat="12.9727687" lon="77.5991388"/>
  <node id="11425338186" lat="12.9725253" lon="77.5989420"/>
  <node id="11425338188" lat="12.9714204" lon="77.5979318"/>
  <node id="11425338189" lat="12.9715003" lon="77.5980213"/>
  <node id="11425338190" lat="12.9716245" lon="77.5981352"/>
  <node id="11425338191" lat="12.9720467" lon="77.5984884"/>
  <node id="11425338192" lat="12.9723191" lon="77.5986912"/>
  <node id="11425338193" lat="12.9723555" lon="77.5987168"/>
  <node id="11425338194" lat="12.9723817" lon="77.5987352"/>
  <node id="11425338195" lat="12.9725376" lon="77.5988464"/>
  <node id="11425338196" lat="12.9726017" lon="77.5988939"/>
  <node id="11425338197" lat="12.9726265" lon="77.5989231"/>
  <node id="11425338198" lat="12.9726519" lon="77.5989508"/>
  <node id="11425338199" lat="12.9727306" lon="77.5990424"/>
  <node id="11425338200" lat="12.9728264" lon="77.5991231"/>
  <node id="11425338201" lat="12.9729261" lon="77.5991881"/>
  <node id="11425338202" lat="12.9733424" lon="77.5992743"/>
  <node id="11425338205" lat="12.9740476" lon="77.5959688"/>
  <node id="11425338206" lat="12.9739914" lon="77.5955658"/>
  <node id="11425338207" lat="12.9739761" lon="77.5955865"/>
  <node id="11425338208" lat="12.9738188" lon="77.5957140"/>
  <node id="11425338209" lat="12.9738387" lon="77.5957129"/>
  <node id="11453116182" lat="12.9651907" lon="77.5967368">
    <tag k="highway" v="crossing"/>
  </node>
  <node id="11496183608" lat="12.9696813" lon="77.6026417"/>
  <node id="11496183613" lat="12.9680457" lon="77.6001786"/>
  <node id="11496183614" lat="12.9679961" lon="77.6001994">
    <tag k="barrier" v="kerb"/>
    <tag k="kerb" v="lowered"/>
    <tag k="tactile_paving" v="yes"/>
  </node>
  <node id="11496183617" lat="12.9681314" lon="77.6003947"/>
  <node id="11496183618" lat="12.9681097" lon="77.6004006">
    <tag k="barrier" v="kerb"/>
    <tag k="kerb" v="lowered"/>
    <tag k="tactile_paving" v="yes"/>
  </node>
  <node id="11496183619" lat="12.9679774" lon="77.6004810">
    <tag k="barrier" v="kerb"/>
    <tag k="kerb" v="lowered"/>
  </node>
  <node id="11496183620" lat="12.9679570" lon="77.6004944"/>
  <node id="11496183622" lat="12.9679353" lon="77.6002368">
    <tag k="crossing" v="traffic_signals"/>
    <tag k="crossing:markings" v="zebra"/>
    <tag k="highway" v="crossing"/>
    <tag k="traffic_signals:countdown" v="yes"/>
  </node>
  <node id="11496183623" lat="12.9675221" lon="77.5995141"/>
  <node id="11496183624" lat="12.9675443" lon="77.5995616"/>
  <node id="11496183625" lat="12.9676265" lon="77.5996616"/>
  <node id="11496183626" lat="12.9676550" lon="77.5996727"/>
  <node id="11496183627" lat="12.9680441" lon="77.6004396">
    <tag k="crossing" v="traffic_signals"/>
    <tag k="crossing:markings" v="zebra"/>
    <tag k="highway" v="crossing"/>
    <tag k="traffic_signals:countdown" v="yes"/>
  </node>
  <node id="11496183629" lat="12.9683220" lon="77.6002047"/>
  <node id="11496183647" lat="12.9680000" lon="77.6003351"/>
  <node id="11496183648" lat="12.9678779" lon="77.6004227">
    <tag k="highway" v="traffic_signals"/>
    <tag k="note" v="no right turn, no left"/>
  </node>
  <node id="11496183649" lat="12.9681608" lon="77.6003210"/>
  <node id="11506245559" lat="12.9708861" lon="77.5960774"/>
  <node id="11506245560" lat="12.9710654" lon="77.5975915"/>
  <node id="11506245561" lat="12.9710658" lon="77.5974722"/>
  <node id="11506245562" lat="12.9710605" lon="77.5972431">
    <tag k="highway" v="crossing"/>
  </node>
  <node id="11506245563" lat="12.9710830" lon="77.5966974">
    <tag k="highway" v="crossing"/>
  </node>
  <node id="11506245564" lat="12.9718712" lon="77.5946396"/>
  <node id="11506245565" lat="12.9718482" lon="77.5946974"/>
  <node id="11524819542" lat="12.9727242" lon="77.5958190"/>
  <node id="11524819543" lat="12.9727516" lon="77.5957565"/>
  <node id="11524819544" lat="12.9721527" lon="77.5960753"/>
  <node id="11524819545" lat="12.9723754" lon="77.5961760"/>
  <node id="11524819547" lat="12.9720088" lon="77.5964220"/>
  <node id="11524819548" lat="12.9718469" lon="77.5963512"/>
  <node id="11524819549" lat="12.9721135" lon="77.5957091"/>
  <node id="11524819551" lat="12.9723478" lon="77.5961307"/>
  <node id="11524819552" lat="12.9723112" lon="77.5961072"/>
  <node id="11524819553" lat="12.9722793" lon="77.5960773"/>
  <node id="11524819554" lat="12.9722532" lon="77.5960421"/>
  <node id="11524819555" lat="12.9722208" lon="77.5959576"/>
  <node id="11524819556" lat="12.9722166" lon="77.5959110"/>
  <node id="11524819557" lat="12.9722210" lon="77.5958644"/>
  <node id="11524819558" lat="12.9722340" lon="77.5958195"/>
  <node id="11524819559" lat="12.9723879" lon="77.5961471"/>
  <node id="11524819560" lat="12.9722336" lon="77.5960026"/>
  <node id="11524819561" lat="12.9722574" lon="77.5957720"/>
  <node id="11665059304" lat="12.9761395" lon="77.5958318"/>
  <node id="11665059305" lat="12.9761404" lon="77.5956872"/>
  <node id="11665059306" lat="12.9759549" lon="77.5955518"/>
  <node id="11665059307" lat="12.9757615" lon="77.5954887"/>
  <node id="11665059309" lat="12.9760712" lon="77.5958148"/>
  <node id="11665059310" lat="12.9757676" lon="77.5958153"/>
  <node id="11665059311" lat="12.9755920" lon="77.5957045"/>
  <node id="11665059312" lat="12.9756282" lon="77.5956980"/>
  <node id="11665059313" lat="12.9756648" lon="77.5957015"/>
  <node id="11665059314" lat="12.9756991" lon="77.5957149"/>
  <node id="11665059315" lat="12.9757287" lon="77.5957372"/>
  <node id="11665059316" lat="12.9757515" lon="77.5957667"/>
  <node id="11665059317" lat="12.9757658" lon="77.5958014"/>
  <node id="11665059318" lat="12.9757655" lon="77.5958764"/>
  <node id="11665059319" lat="12.9757507" lon="77.5959112"/>
  <node id="11665059320" lat="12.9757274" lon="77.5959407"/>
  <node id="11665059321" lat="12.9756973" lon="77.5959627"/>
  <node id="11665059322" lat="12.9756625" lon="77.5959756"/>
  <node id="11665059323" lat="12.9756256" lon="77.5959785"/>
  <node id="11665059324" lat="12.9755893" lon="77.5959712"/>
  <node id="11665059325" lat="12.9755312" lon="77.5959313"/>
  <node id="11665059326" lat="12.9755123" lon="77.5959030"/>
  <node id="11665059327" lat="12.9755006" lon="77.5958708"/>
  <node id="11665059328" lat="12.9754969" lon="77.5958367"/>
  <node id="11665059329" lat="12.9755014" lon="77.5958027"/>
  <node id="11665059330" lat="12.9755138" lon="77.5957708"/>
  <node id="11665059331" lat="12.9755333" lon="77.5957429"/>
  <node id="11665059332" lat="12.9755563" lon="77.5959541"/>
  <node id="11665059333" lat="12.9755589" lon="77.5957207"/>
  <node id="11665059334" lat="12.9757706" lon="77.5958388"/>
  <node id="11689826345" lat="12.9726954" lon="77.5901815"/>
  <node id="11732899881" lat="12.9717764" lon="77.5938167"/>
  <node id="11732899882" lat="12.9717500" lon="77.5936189"/>
  <node id="11732899883" lat="12.9711638" lon="77.5929526"/>
  <node id="11732899884" lat="12.9704820" lon="77.5921727"/>
  <node id="11732899885" lat="12.9704543" lon="77.5921377"/>
  <node id="11732899886" lat="12.9696334" lon="77.5912067"/>
  <node id="11732899887" lat="12.9682749" lon="77.5896009"/>
  <node id="11732899888" lat="12.9720685" lon="77.5941468">
    <tag k="crossing" v="traffic_signals"/>
    <tag k="crossing:markings" v="zebra"/>
    <tag k="highway" v="crossing"/>
    <tag k="traffic_signals:countdown" v="yes"/>
  </node>
  <node id="11799154686" lat="12.9719320" lon="77.5921232"/>
  <node id="11799154692" lat="12.9717515" lon="77.5924050"/>
  <node id="11799154693" lat="12.9715457" lon="77.5922398"/>
  <node id="11799154695" lat="12.9726751" lon="77.5906327"/>
  <node id="11799171249" lat="12.9714944" lon="77.5913369"/>
  <node id="11799171254" lat="12.9709289" lon="77.5907487"/>
  <node id="11819678528" lat="12.9747121" lon="77.5964357"/>
  <node id="11819678530" lat="12.9747302" lon="77.5964783"/>
  <node id="11819678533" lat="12.9750244" lon="77.5968386"/>
  <node id="11819678534" lat="12.9743465" lon="77.5960276"/>
  <node id="11819678537" lat="12.9746214" lon="77.5963500"/>
  <node id="11819678539" lat="12.9754759" lon="77.5975084"/>
  <node id="11854682514" lat="12.9744444" lon="77.5912476">
    <tag k="traffic_calming" v="bump"/>
  </node>
  <node id="12022180858" lat="12.9732548" lon="77.5995714"/>
  <node id="12022180859" lat="12.9731633" lon="77.6006081"/>
  <node id="12022180860" lat="12.9731549" lon="77.6007055"/>
  <node id="12022180861" lat="12.9731735" lon="77.6005143">
    <tag k="highway" v="crossing"/>
  </node>
  <node id="12022180862" lat="12.9732032" lon="77.5999679"/>
  <node id="12022180863" lat="12.9732223" lon="77.5997222"/>
  <node id="12022180864" lat="12.9731679" lon="77.6010286"/>
  <node id="12022218479" lat="12.9730985" lon="77.5996987"/>
  <node id="12022218481" lat="12.9730131" lon="77.6010999"/>
  <node id="12022218482" lat="12.9730071" lon="77.6011212"/>
  <node id="12022218483" lat="12.9729451" lon="77.6011621"/>
  <node id="12022218484" lat="12.9729074" lon="77.6011714"/>
  <node id="12022218485" lat="12.9729798" lon="77.6011442"/>
  <node id="12022218486" lat="12.9730666" lon="77.6006985">
    <tag k="highway" v="crossing"/>
  </node>
  <node id="12022218487" lat="12.9730781" lon="77.6005041"/>
  <node id="12022218488" lat="12.9730211" lon="77.6010637"/>
  <node id="12022218489" lat="12.9727733" lon="77.6006315">
    <tag k="access" v="permissive"/>
    <tag k="construction:amenity" v="parking_entrance"/>
    <tag k="construction:parking" v="underground"/>
  </node>
  <node id="12022218490" lat="12.9729879" lon="77.6006774"/>
  <node id="12022218491" lat="12.9729645" lon="77.6006504"/>
  <node id="12022218492" lat="12.9729947" lon="77.6006941"/>
  <node id="12022218493" lat="12.9729777" lon="77.6006625"/>
  <node id="12022218564" lat="12.9726435" lon="77.6010774"/>
  <node id="12022218566" lat="12.9726054" lon="77.6010399"/>
  <node id="12022218567" lat="12.9726142" lon="77.6008605">
    <tag k="access" v="permissive"/>
    <tag k="construction:amenity" v="parking_entrance"/>
    <tag k="construction:parking" v="underground"/>
  </node>
  <node id="12022218568" lat="12.9729491" lon="77.6006416"/>
  <node id="12022218569" lat="12.9730390" lon="77.6006968">
    <tag k="access" v="permissive"/>
    <tag k="barrier" v="gate"/>
  </node>
  <node id="12022218570" lat="12.9726393" lon="77.6011476">
    <tag k="highway" v="crossing"/>
  </node>
  <node id="12022218571" lat="12.9726417" lon="77.6011083">
    <tag k="access" v="permissive"/>
    <tag k="barrier" v="gate"/>
  </node>
  <node id="12022218572" lat="12.9726344" lon="77.6012288"/>
  <node id="12022218573" lat="12.9726682" lon="77.6006958"/>
  <node id="12022218574" lat="12.9726836" lon="77.6006792"/>
  <node id="12022218575" lat="12.9726658" lon="77.6007066"/>
  <node id="12022218576" lat="12.9726740" lon="77.6006865"/>
  <node id="12022218577" lat="12.9726952" lon="77.6006761"/>
  <node id="12022218578" lat="12.9731024" lon="77.6007006"/>
  <node id="12022218579" lat="12.9726466" lon="77.6010260"/>
  <node id="12022218580" lat="12.9729187" lon="77.6010334"/>
  <node id="12022218581" lat="12.9729376" lon="77.6010157"/>
  <node id="12022218582" lat="12.9729076" lon="77.6010365"/>
  <node id="12022218583" lat="12.9729285" lon="77.6010272"/>
  <node id="12022218584" lat="12.9729422" lon="77.6010017"/>
  <node id="12022218585" lat="12.9729586" lon="77.6006946"/>
  <node id="12109661020" lat="12.9752451" lon="77.5936693"/>
  <node id="12109661021" lat="12.9758994" lon="77.5943202"/>
  <node id="12109661022" lat="12.9752233" lon="77.5926133"/>
  <node id="12109661023" lat="12.9751440" lon="77.5927238"/>
  <node id="12109661024" lat="12.9751325" lon="77.5927461"/>
  <node id="12109661025" lat="12.9751029" lon="77.5928281"/>
  <node id="12109661026" lat="12.9750880" lon="77.5929581"/>
  <node id="12109661027" lat="12.9751074" lon="77.5931515"/>
  <node id="12109661028" lat="12.9751702" lon="77.5934233"/>
  <node id="12109661029" lat="12.9752285" lon="77.5936178"/>
  <node id="12109661030" lat="12.9755357" lon="77.5920273"/>
  <node id="12109661031" lat="12.9754290" lon="77.5921833"/>
  <node id="12109661032" lat="12.9753580" lon="77.5923225"/>
  <node id="12109661033" lat="12.9752579" lon="77.5925404"/>
  <node id="12109661034" lat="12.9757127" lon="77.5917977"/>
  <node id="12109661035" lat="12.9759575" lon="77.5915538"/>
  <node id="12109661036" lat="12.9761007" lon="77.5914441"/>
  <node id="12109661037" lat="12.9762096" lon="77.5913743"/>
  <node id="12109661038" lat="12.9763363" lon="77.5912914"/>
  <node id="12109661039" lat="12.9763870" lon="77.5912592"/>
  <node id="12109661040" lat="12.9765621" lon="77.5911941"/>
  <node id="12109661041" lat="12.9767561" lon="77.5911391"/>
  <node id="12109661042" lat="12.9769985" lon="77.5912567"/>
  <node id="12111878826" lat="12.9770741" lon="77.5912954"/>
  <node id="12118015682" lat="12.9744875" lon="77.5995841">
    <tag k="maxspeed" v="30"/>
    <tag k="traffic_sign" v="maxspeed"/>
  </node>
  <node id="12118023419" lat="12.9745492" lon="77.5994872">
    <tag k="highway" v="stop"/>
    <tag k="stop" v="minor"/>
  </node>
  <node id="12118023420" lat="12.9741679" lon="77.5994932">
    <tag k="maxspeed" v="30"/>
    <tag k="traffic_sign" v="maxspeed"/>
  </node>
  <node id="12118031590" lat="12.9736189" lon="77.5992950">
    <tag k="highway" v="stop"/>
    <tag k="stop" v="minor"/>
  </node>
  <node id="12118031591" lat="12.9740412" lon="77.5994037">
    <tag k="highway" v="stop"/>
    <tag k="stop" v="minor"/>
  </node>
  <node id="12118089605" lat="12.9715652" lon="77.5940354">
    <tag k="maxspeed" v="40"/>
    <tag k="traffic_sign" v="maxspeed"/>
  </node>
  <node id="12118089606" lat="12.9709516" lon="77.5941690">
    <tag k="maxspeed" v="25"/>
    <tag k="traffic_sign" v="maxspeed"/>
  </node>
  <node id="12118089607" lat="12.9707355" lon="77.5942137">
    <tag k="traffic_calming" v="rumble_strip"/>
  </node>
  <node id="12118116215" lat="12.9674562" lon="77.5964360">
    <tag k="maxspeed" v="30"/>
    <tag k="traffic_sign" v="maxspeed"/>
  </node>
  <node id="12118661222" lat="12.9712820" lon="77.5971703"/>
  <node id="12118661223" lat="12.9713095" lon="77.5971590"/>
  <node id="12118661224" lat="12.9713337" lon="77.5971415"/>
  <node id="12118661225" lat="12.9713532" lon="77.5971187"/>
  <node id="12118661226" lat="12.9713670" lon="77.5970919"/>
  <node id="12118661227" lat="12.9713748" lon="77.5970330"/>
  <node id="12118661228" lat="12.9713687" lon="77.5970040"/>
  <node id="12118661229" lat="12.9713564" lon="77.5969773"/>
  <node id="12118661230" lat="12.9713385" lon="77.5969542"/>
  <node id="12118661231" lat="12.9713160" lon="77.5969358"/>
  <node id="12118661232" lat="12.9712899" lon="77.5969231"/>
  <node id="12118661233" lat="12.9713743" lon="77.5970625"/>
  <node id="12118748980" lat="12.9729955" lon="77.5992025"/>
  <node id="12118748981" lat="12.9732754" lon="77.5992604"/>
  <node id="12118748982" lat="12.9732764" lon="77.5992532">
    <tag k="access" v="permissive"/>
    <tag k="barrier" v="gate"/>
  </node>
  <node id="12118748983" lat="12.9729965" lon="77.5991948">
    <tag k="access" v="permissive"/>
    <tag k="barrier" v="gate"/>
  </node>
  <node id="12118748984" lat="12.9733756" lon="77.5993501"/>
  <node id="12118748985" lat="12.9732903" lon="77.5991445"/>
  <node id="12118748986" lat="12.9729885" lon="77.5992566"/>
  <node id="12118748987" lat="12.9730078" lon="77.5991063"/>
  <node id="12118752237" lat="12.9687455" lon="77.5959615"/>
  <node id="12118752238" lat="12.9684350" lon="77.5958826"/>
  <node id="12118752239" lat="12.9683168" lon="77.5954679"/>
  <node id="12118752240" lat="12.9685161" lon="77.5955119"/>
  <node id="12118752242" lat="12.9686642" lon="77.5978577">
    <tag k="access" v="private"/>
    <tag k="barrier" v="gate"/>
  </node>
  <node id="12118752243" lat="12.9687742" lon="77.5979312"/>
  <node id="12118752244" lat="12.9687507" lon="77.5978957"/>
  <node id="12118752245" lat="12.9687040" lon="77.5978692"/>
  <node id="12118752246" lat="12.9686262" lon="77.5978467"/>
  <node id="12118752264" lat="12.9685589" lon="77.5953161"/>
  <node id="12118791701" lat="12.9718195" lon="77.5983993">
    <tag k="access" v="private"/>
    <tag k="barrier" v="gate"/>
  </node>
  <node id="12118791702" lat="12.9715200" lon="77.5987215"/>
  <node id="12118791703" lat="12.9718496" lon="77.5983669"/>
  <node id="12118965727" lat="12.9731730" lon="77.6010765"/>
  <node id="12118965728" lat="12.9731892" lon="77.6011269"/>
  <node id="12118965739" lat="12.9704242" lon="77.6006767"/>
  <node id="12118965740" lat="12.9704007" lon="77.6006704">
    <tag k="barrier" v="kerb"/>
    <tag k="kerb" v="lowered"/>
    <tag k="tactile_paving" v="yes"/>
  </node>
  <node id="12118965741" lat="12.9702954" lon="77.6006420">
    <tag k="barrier" v="kerb"/>
    <tag k="kerb" v="lowered"/>
    <tag k="tactile_paving" v="yes"/>
  </node>
  <node id="12118965742" lat="12.9703601" lon="77.6006599">
    <tag k="crossing" v="uncontrolled"/>
    <tag k="highway" v="crossing"/>
  </node>
  <node id="12118965743" lat="12.9702482" lon="77.6006633"/>
  <node id="12118965746" lat="12.9703548" lon="77.6005193"/>
  <node id="12118965747" lat="12.9704701" lon="77.6001578"/>
  <node id="12118965748" lat="12.9706435" lon="77.5995502"/>
  <node id="12118965749" lat="12.9707215" lon="77.5992711"/>
  <node id="12118965750" lat="12.9709209" lon="77.5985694"/>
  <node id="12118965751" lat="12.9710393" lon="77.5981344"/>
  <node id="12118965752" lat="12.9710861" lon="77.5979722"/>
  <node id="12118965753" lat="12.9709128" lon="77.5985980">
    <tag k="highway" v="crossing"/>
  </node>
  <node id="12118965754" lat="12.9707159" lon="77.5992910">
    <tag k="highway" v="crossing"/>
  </node>
  <node id="12118965755" lat="12.9702726" lon="77.6006359"/>
  <node id="12118965776" lat="12.9730895" lon="77.6010264">
    <tag k="crossing" v="uncontrolled"/>
    <tag k="highway" v="crossing"/>
  </node>
  <node id="12118965777" lat="12.9730288" lon="77.6010241"/>
  <node id="12118965778" lat="12.9733221" lon="77.5994584"/>
  <node id="12118965779" lat="12.9733436" lon="77.5994430"/>
  <node id="12118965780" lat="12.9736546" lon="77.5994383"/>
  <node id="12118965781" lat="12.9741194" lon="77.5995220"/>
  <node id="12118965782" lat="12.9745187" lon="77.5996349"/>
  <node id="12118965783" lat="12.9745846" lon="77.5996488"/>
  <node id="12118965784" lat="12.9749049" lon="77.5997518"/>
  <node id="12118965785" lat="12.9751213" lon="77.5998209"/>
  <node id="12118965786" lat="12.9754573" lon="77.5999238"/>
  <node id="12118965787" lat="12.9755862" lon="77.5999521">
    <tag k="highway" v="crossing"/>
  </node>
  <node id="12118965788" lat="12.9740420" lon="77.5994148">
    <tag k="highway" v="crossing"/>
  </node>
  <node id="12118965789" lat="12.9748648" lon="77.5996630"/>
  <node id="12118965790" lat="12.9754706" lon="77.5998183"/>
  <node id="12118965791" lat="12.9755879" lon="77.5997925"/>
  <node id="12118965792" lat="12.9757911" lon="77.5996730"/>
  <node id="12118965793" lat="12.9760535" lon="77.5995170"/>
  <node id="12118965794" lat="12.9764161" lon="77.5992778"/>
  <node id="12118965796" lat="12.9718335" lon="77.5983843"/>
  <node id="12118973703" lat="12.9745383" lon="77.5995539">
    <tag k="highway" v="crossing"/>
  </node>
  <node id="12118973704" lat="12.9746054" lon="77.5995745"/>
  <node id="12119558722" lat="12.9715407" lon="77.5972620">
    <tag k="access" v="private"/>
    <tag k="barrier" v="gate"/>
  </node>
  <node id="12119558723" lat="12.9715384" lon="77.5972876"/>
  <node id="12119558724" lat="12.9715612" lon="77.5970290"/>
  <node id="12119558729" lat="12.9710578" lon="77.5977183"/>
  <node id="12119558730" lat="12.9693519" lon="77.5972528">
    <tag k="crossing" v="uncontrolled"/>
    <tag k="highway" v="crossing"/>
  </node>
  <node id="12119558731" lat="12.9692237" lon="77.5972297">
    <tag k="crossing" v="uncontrolled"/>
    <tag k="highway" v="crossing"/>
  </node>
  <node id="12119558732" lat="12.9689964" lon="77.5969458">
    <tag k="crossing" v="uncontrolled"/>
    <tag k="highway" v="crossing"/>
  </node>
  <node id="12119558733" lat="12.9687810" lon="77.5968333">
    <tag k="crossing" v="uncontrolled"/>
    <tag k="highway" v="crossing"/>
  </node>
  <node id="12119558734" lat="12.9687924" lon="77.5967715">
    <tag k="crossing" v="uncontrolled"/>
    <tag k="highway" v="crossing"/>
  </node>
  <node id="12119558735" lat="12.9682989" lon="77.5965168">
    <tag k="crossing" v="uncontrolled"/>
    <tag k="highway" v="crossing"/>
  </node>
  <node id="12119558737" lat="12.9683084" lon="77.5964609">
    <tag k="crossing" v="unmarked"/>
    <tag k="crossing:markings" v="no"/>
    <tag k="highway" v="crossing"/>
  </node>
  <node id="12119558740" lat="12.9652039" lon="77.5967621"/>
  <node id="12119558741" lat="12.9657761" lon="77.5966312"/>
  <node id="12119558742" lat="12.9664463" lon="77.5965610"/>
  <node id="12119558743" lat="12.9669417" lon="77.5965090">
    <tag k="crossing" v="uncontrolled"/>
    <tag k="highway" v="crossing"/>
  </node>
  <node id="12119558744" lat="12.9675157" lon="77.5964585"/>
  <node id="12119558745" lat="12.9680628" lon="77.5964469"/>
  <node id="12119558746" lat="12.9682929" lon="77.5965138"/>
  <node id="12119558747" lat="12.9685390" lon="77.5966368"/>
  <node id="12119558748" lat="12.9687689" lon="77.5968229"/>
  <node id="12119558749" lat="12.9689733" lon="77.5969980"/>
  <node id="12119558750" lat="12.9692118" lon="77.5972213"/>
  <node id="12119558751" lat="12.9693273" lon="77.5973026"/>
  <node id="12119558752" lat="12.9696145" lon="77.5975228"/>
  <node id="12119558753" lat="12.9697913" lon="77.5975482">
    <tag k="crossing" v="uncontrolled"/>
    <tag k="highway" v="crossing"/>
  </node>
  <node id="12119558754" lat="12.9703907" lon="77.5976346">
    <tag k="crossing" v="uncontrolled"/>
    <tag k="highway" v="crossing"/>
  </node>
  <node id="12119558755" lat="12.9711264" lon="77.5977476"/>
  <node id="12119558756" lat="12.9711502" lon="77.5977674"/>
  <node id="12119558761" lat="12.9675131" lon="77.5964033">
    <tag k="crossing" v="uncontrolled"/>
    <tag k="highway" v="crossing"/>
  </node>
  <node id="12119558762" lat="12.9680698" lon="77.5963915"/>
  <node id="12119558763" lat="12.9685678" lon="77.5965896"/>
  <node id="12119558764" lat="12.9688029" lon="77.5967799"/>
  <node id="12119558765" lat="12.9690087" lon="77.5969564"/>
  <node id="12119558766" lat="12.9692454" lon="77.5971779"/>
  <node id="12119558767" lat="12.9693587" lon="77.5972576"/>
  <node id="12119558768" lat="12.9696357" lon="77.5974700"/>
  <node id="12119558770" lat="12.9703996" lon="77.5975802"/>
  <node id="12119558771" lat="12.9710624" lon="77.5976640"/>
  <node id="12119590734" lat="12.9684313" lon="77.5957298">
    <tag k="access" v="private"/>
    <tag k="barrier" v="gate"/>
  </node>
  <node id="12119590735" lat="12.9683220" lon="77.5957080"/>
  <node id="12119590736" lat="12.9684669" lon="77.5957369"/>
  <node id="12119599761" lat="12.9722473" lon="77.5973582">
    <tag k="access" v="private"/>
    <tag k="amenity" v="parking_entrance"/>
    <tag k="parking" v="underground"/>
  </node>
  <node id="12119647583" lat="12.9716022" lon="77.5941817"/>
  <node id="12119649215" lat="12.9674410" lon="77.5949173">
    <tag k="crossing" v="uncontrolled"/>
    <tag k="highway" v="crossing"/>
  </node>
  <node id="12119649218" lat="12.9674347" lon="77.5948571"/>
  <node id="12119649219" lat="12.9687364" lon="77.5946449">
    <tag k="traffic_calming" v="rumble_strip"/>
  </node>
  <node id="12119649220" lat="12.9687080" lon="77.5946506">
    <tag k="crossing" v="uncontrolled"/>
    <tag k="highway" v="crossing"/>
    <tag k="traffic_calming" v="table"/>
  </node>
  <node id="12119649221" lat="12.9686974" lon="77.5945816"/>
  <node id="12119649222" lat="12.9687212" lon="77.5947250"/>
  <node id="12119649223" lat="12.9687147" lon="77.5946901">
    <tag k="barrier" v="kerb"/>
    <tag k="kerb" v="flush"/>
    <tag k="tactile_paving" v="yes"/>
    <tag k="wheelchair" v="yes"/>
  </node>
  <node id="12119649224" lat="12.9687004" lon="77.5946051">
    <tag k="barrier" v="kerb"/>
    <tag k="kerb" v="flush"/>
    <tag k="tactile_paving" v="yes"/>
    <tag k="wheelchair" v="yes"/>
  </node>
  <node id="12119649229" lat="12.9705161" lon="77.5942591">
    <tag k="crossing" v="uncontrolled"/>
    <tag k="highway" v="crossing"/>
  </node>
  <node id="12119649230" lat="12.9705216" lon="77.5943058">
    <tag k="barrier" v="kerb"/>
    <tag k="kerb" v="lowered"/>
    <tag k="tactile_paving" v="yes"/>
    <tag k="wheelchair" v="yes"/>
  </node>
  <node id="12119649231" lat="12.9705255" lon="77.5943392"/>
  <node id="12119649232" lat="12.9705115" lon="77.5942196">
    <tag k="barrier" v="kerb"/>
    <tag k="kerb" v="lowered"/>
    <tag k="tactile_paving" v="yes"/>
    <tag k="wheelchair" v="yes"/>
  </node>
  <node id="12119649233" lat="12.9705096" lon="77.5942032"/>
  <node id="12119649238" lat="12.9712257" lon="77.5941096"/>
  <node id="12119649239" lat="12.9715743" lon="77.5940334">
    <tag k="crossing" v="uncontrolled"/>
    <tag k="highway" v="crossing"/>
  </node>
  <node id="12119649240" lat="12.9715851" lon="77.5940867">
    <tag k="barrier" v="kerb"/>
    <tag k="kerb" v="lowered"/>
    <tag k="tactile_paving" v="yes"/>
    <tag k="wheelchair" v="yes"/>
  </node>
  <node id="12119649241" lat="12.9715876" lon="77.5940990"/>
  <node id="12119649242" lat="12.9715671" lon="77.5939978">
    <tag k="barrier" v="kerb"/>
    <tag k="kerb" v="lowered"/>
    <tag k="tactile_paving" v="yes"/>
    <tag k="wheelchair" v="yes"/>
  </node>
  <node id="12119649243" lat="12.9715646" lon="77.5939853"/>
  <node id="12119649244" lat="12.9719602" lon="77.5941178">
    <tag k="crossing" v="traffic_signals"/>
    <tag k="highway" v="crossing"/>
    <tag k="traffic_signals:countdown" v="yes"/>
  </node>
  <node id="12119649245" lat="12.9719280" lon="77.5941387">
    <tag k="barrier" v="kerb"/>
  </node>
  <node id="12119649246" lat="12.9719871" lon="77.5941023">
    <tag k="noexit" v="yes"/>
  </node>
  <node id="12119649247" lat="12.9710940" lon="77.5965558"/>
  <node id="12119649248" lat="12.9711636" lon="77.5965637">
    <tag k="crossing" v="uncontrolled"/>
    <tag k="crossing:markings" v="zebra"/>
    <tag k="highway" v="crossing"/>
  </node>
  <node id="12119649249" lat="12.9711082" lon="77.5965566">
    <tag k="barrier" v="kerb"/>
    <tag k="kerb" v="raised"/>
  </node>
  <node id="12119649250" lat="12.9712009" lon="77.5965685">
    <tag k="barrier" v="kerb"/>
    <tag k="kerb" v="raised"/>
  </node>
  <node id="12119649251" lat="12.9712178" lon="77.5965706"/>
  <node id="12119649252" lat="12.9713089" lon="77.5967031"/>
  <node id="12119649253" lat="12.9715577" lon="77.5967260">
    <tag k="amenity" v="parking_entrance"/>
    <tag k="parking" v="underground"/>
  </node>
  <node id="12119649254" lat="12.9715416" lon="77.5967342"/>
  <node id="12119649255" lat="12.9715202" lon="77.5967342"/>
  <node id="12119649256" lat="12.9712581" lon="77.5966957"/>
  <node id="12119649257" lat="12.9713314" lon="77.5959738"/>
  <node id="12119649259" lat="12.9711455" lon="77.5977142"/>
  <node id="12119649260" lat="12.9713401" lon="77.5977141"/>
  <node id="12119649272" lat="12.9731214" lon="77.5992962"/>
  <node id="12119649273" lat="12.9733076" lon="77.5993781"/>
  <node id="12119649274" lat="12.9732614" lon="77.5993380"/>
  <node id="12119649278" lat="12.9734830" lon="77.5994208"/>
  <node id="12119649279" lat="12.9736213" lon="77.5993188">
    <tag k="highway" v="crossing"/>
  </node>
  <node id="12120691272" lat="12.9708359" lon="77.6046571">
    <tag k="highway" v="traffic_signals"/>
  </node>
  <node id="12120696368" lat="12.9726465" lon="77.5995294"/>
  <node id="12120696369" lat="12.9726364" lon="77.5994632"/>
  <node id="12121490927" lat="12.9745149" lon="77.5995473"/>
  <node id="12121490928" lat="12.9745122" lon="77.5995575">
    <tag k="barrier" v="kerb"/>
    <tag k="kerb" v="raised"/>
  </node>
  <node id="12121490929" lat="12.9744967" lon="77.5996137">
    <tag k="barrier" v="kerb"/>
    <tag k="kerb" v="raised"/>
  </node>
  <node id="12121490930" lat="12.9744924" lon="77.5996275"/>
  <node id="12121490931" lat="12.9745036" lon="77.5995887">
    <tag k="crossing" v="unmarked"/>
    <tag k="crossing:markings" v="no"/>
    <tag k="highway" v="crossing"/>
  </node>
  <node id="12121490932" lat="12.9756446" lon="77.5997639"/>
  <node id="12121490933" lat="12.9756579" lon="77.5997869"/>
  <node id="12121490934" lat="12.9756961" lon="77.5998547"/>
  <node id="12121490935" lat="12.9756915" lon="77.5998446"/>
  <node id="12121490936" lat="12.9756732" lon="77.5998132">
    <tag k="crossing" v="unmarked"/>
    <tag k="crossing:markings" v="no"/>
    <tag k="highway" v="crossing"/>
  </node>
  <node id="12121490937" lat="12.9756374" lon="77.5999633"/>
  <node id="12121490938" lat="12.9755059" lon="77.5999345"/>
  <node id="12121490939" lat="12.9753929" lon="77.5998050"/>
  <node id="12121490940" lat="12.9753872" lon="77.5998244">
    <tag k="barrier" v="kerb"/>
    <tag k="kerb" v="raised"/>
  </node>
  <node id="12121490941" lat="12.9753584" lon="77.5999060"/>
  <node id="12121490942" lat="12.9753639" lon="77.5998970">
    <tag k="barrier" v="kerb"/>
    <tag k="kerb" v="raised"/>
  </node>
  <node id="12121490943" lat="12.9753758" lon="77.5998571">
    <tag k="crossing" v="unmarked"/>
    <tag k="crossing:markings" v="no"/>
    <tag k="highway" v="crossing"/>
  </node>
  <node id="12121490944" lat="12.9729221" lon="77.5991976">
    <tag k="barrier" v="kerb"/>
    <tag k="kerb" v="raised"/>
  </node>
  <node id="12121490945" lat="12.9729016" lon="77.5992529"/>
  <node id="12121490946" lat="12.9729038" lon="77.5992468">
    <tag k="barrier" v="kerb"/>
    <tag k="kerb" v="raised"/>
  </node>
  <node id="12121490947" lat="12.9729131" lon="77.5992218">
    <tag k="crossing" v="unmarked"/>
    <tag k="crossing:markings" v="no"/>
    <tag k="highway" v="crossing"/>
  </node>
  <node id="12121490948" lat="12.9723013" lon="77.5986744"/>
  <node id="12121490949" lat="12.9722984" lon="77.5986808"/>
  <node id="12121490950" lat="12.9722724" lon="77.5987258"/>
  <node id="12121490951" lat="12.9722829" lon="77.5987076">
    <tag k="crossing" v="unmarked"/>
    <tag k="crossing:markings" v="no"/>
    <tag k="highway" v="crossing"/>
  </node>
  <node id="12121490952" lat="12.9722669" lon="77.5987353"/>
  <node id="12128943116" lat="12.9672866" lon="77.5890410"/>
  <node id="12128943117" lat="12.9672320" lon="77.5890243"/>
  <node id="12128943118" lat="12.9671757" lon="77.5890300"/>
  <node id="12128943119" lat="12.9671880" lon="77.5890287"/>
  <node id="12135035085" lat="12.9678008" lon="77.5893130"/>
  <node id="12135035086" lat="12.9678201" lon="77.5892703"/>
  <node id="12135035087" lat="12.9678564" lon="77.5892418"/>
  <node id="12135035088" lat="12.9679290" lon="77.5892352"/>
  <node id="12135035089" lat="12.9679749" lon="77.5892583"/>
  <node id="12135035090" lat="12.9680539" lon="77.5893284"/>
  <node id="12135035091" lat="12.9681159" lon="77.5893887"/>
  <node id="12135035092" lat="12.9682013" lon="77.5895169"/>
  <node id="12135140778" lat="12.9674802" lon="77.5942136">
    <tag k="maxspeed" v="50"/>
    <tag k="traffic_sign" v="maxspeed"/>
  </node>
  <node id="12137524970" lat="12.9680676" lon="77.6000089">
    <tag k="access" v="private"/>
    <tag k="barrier" v="gate"/>
  </node>
  <node id="12147816737" lat="12.9762974" lon="77.5987263"/>
  <node id="12147816753" lat="12.9753732" lon="77.5975811">
    <tag k="maxspeed" v="30"/>
    <tag k="traffic_sign" v="maxspeed"/>
    <tag k="traffic_sign:direction" v="forward"/>
  </node>
  <node id="12154652307" lat="12.9758963" lon="77.5978351"/>
  <node id="12154652308" lat="12.9759749" lon="77.5979430"/>
  <node id="12167552119" lat="12.9658521" lon="77.5965955"/>
  <node id="12183313519" lat="12.9709175" lon="77.6007716">
    <tag k="access" v="private"/>
    <tag k="barrier" v="gate"/>
  </node>
  <node id="12185553764" lat="12.9759297" lon="77.5999550"/>
  <node id="12185553765" lat="12.9760226" lon="77.5999319"/>
  <node id="12185553766" lat="12.9762218" lon="77.5999932"/>
  <node id="12190248418" lat="12.9768283" lon="77.5983833"/>
  <node id="12190248423" lat="12.9767987" lon="77.5964898"/>
  <node id="12190248432" lat="12.9760428" lon="77.5946975"/>
  <node id="12190248433" lat="12.9762933" lon="77.5946713"/>
  <node id="12190248434" lat="12.9762490" lon="77.5946248"/>
  <node id="12190248435" lat="12.9762466" lon="77.5945793"/>
  <node id="12190248436" lat="12.9762483" lon="77.5945469"/>
  <node id="12190248437" lat="12.9762414" lon="77.5945100"/>
  <node id="12190248438" lat="12.9762257" lon="77.5944757"/>
  <node id="12190248439" lat="12.9762131" lon="77.5944548"/>
  <node id="12190248440" lat="12.9761889" lon="77.5944310"/>
  <node id="12190248441" lat="12.9761633" lon="77.5944146"/>
  <node id="12190248442" lat="12.9761099" lon="77.5944045"/>
  <node id="12190248443" lat="12.9760393" lon="77.5944138"/>
  <node id="12190248444" lat="12.9760352" lon="77.5945108"/>
  <node id="12190248463" lat="12.9759620" lon="77.5946168"/>
  <node id="12190248464" lat="12.9760016" lon="77.5946564">
    <tag k="crossing" v="unmarked"/>
    <tag k="crossing:markings" v="no"/>
    <tag k="highway" v="crossing"/>
  </node>
  <node id="12190248465" lat="12.9759501" lon="77.5945907"/>
  <node id="12190248466" lat="12.9759477" lon="77.5945245"/>
  <node id="12190248467" lat="12.9759417" lon="77.5945004"/>
  <node id="12190248468" lat="12.9759362" lon="77.5944843"/>
  <node id="12190248469" lat="12.9756246" lon="77.5941744"/>
  <node id="12190248470" lat="12.9751918" lon="77.5937501"/>
  <node id="12190248471" lat="12.9750904" lon="77.5936587"/>
  <node id="12190248472" lat="12.9751255" lon="77.5935996"/>
  <node id="12190248473" lat="12.9754053" lon="77.5939594"/>
  <node id="12190248474" lat="12.9750087" lon="77.5936005"/>
  <node id="12190248475" lat="12.9748589" lon="77.5935143"/>
  <node id="12190248476" lat="12.9746933" lon="77.5934305"/>
  <node id="12190248477" lat="12.9745219" lon="77.5934423"/>
  <node id="12190248478" lat="12.9747133" lon="77.5911579"/>
  <node id="12190248479" lat="12.9746952" lon="77.5912216"/>
  <node id="12190248480" lat="12.9746874" lon="77.5913292"/>
  <node id="12190248481" lat="12.9746913" lon="77.5913903"/>
  <node id="12190248482" lat="12.9747405" lon="77.5916452"/>
  <node id="12190248483" lat="12.9748673" lon="77.5920771"/>
  <node id="12190248484" lat="12.9749812" lon="77.5925098"/>
  <node id="12190248485" lat="12.9750040" lon="77.5925963"/>
  <node id="12190248486" lat="12.9750226" lon="77.5926691"/>
  <node id="12190248487" lat="12.9750485" lon="77.5927116"/>
  <node id="12190248488" lat="12.9750783" lon="77.5926399"/>
  <node id="12190248489" lat="12.9751236" lon="77.5925456"/>
  <node id="12190248490" lat="12.9753141" lon="77.5921739"/>
  <node id="12190248491" lat="12.9753467" lon="77.5921273"/>
  <node id="12190248492" lat="12.9754645" lon="77.5919603"/>
  <node id="12190248493" lat="12.9755374" lon="77.5918718"/>
  <node id="12190248494" lat="12.9756668" lon="77.5916979"/>
  <node id="12190250137" lat="12.9752025" lon="77.5925988"/>
  <node id="12190250138" lat="12.9751418" lon="77.5925655"/>
  <node id="12190250139" lat="12.9751198" lon="77.5925534"/>
  <node id="12201861624" lat="12.9760605" lon="77.5944050"/>
  <node id="12201861625" lat="12.9762454" lon="77.5946012"/>
  <node id="12433045709" lat="12.9751743" lon="77.6008455"/>
  <node id="12433045716" lat="12.9748498" lon="77.6007745"/>
  <node id="12433045718" lat="12.9749996" lon="77.6008073"/>
  <node id="12433045727" lat="12.9747272" lon="77.5982931"/>
  <node id="12433045731" lat="12.9731177" lon="77.5974803"/>
  <node id="12433045733" lat="12.9729060" lon="77.5974534"/>
  <node id="12433045734" lat="12.9726995" lon="77.5973703">
    <tag k="access" v="private"/>
    <tag k="amenity" v="parking_entrance"/>
    <tag k="parking" v="underground"/>
  </node>
  <node id="12433045739" lat="12.9713603" lon="77.5968213"/>
  <node id="12433045740" lat="12.9715270" lon="77.5950615"/>
  <node id="12433045741" lat="12.9691552" lon="77.5918208"/>
  <node id="12433045743" lat="12.9692637" lon="77.5923749"/>
  <node id="12433045750" lat="12.9691820" lon="77.5919577"/>
  <node id="12433045751" lat="12.9686457" lon="77.5920719"/>
  <node id="12433045752" lat="12.9694273" lon="77.5924446"/>
  <node id="12433045753" lat="12.9689574" lon="77.5925471"/>
  <node id="12433045754" lat="12.9689385" lon="77.5926101"/>
  <node id="12433045755" lat="12.9689526" lon="77.5926988"/>
  <node id="12433045756" lat="12.9696077" lon="77.5925305"/>
  <node id="12433045757" lat="12.9737304" lon="77.5957606"/>
  <node id="12433045759" lat="12.9746639" lon="77.5955554"/>
  <node id="12433045776" lat="12.9691630" lon="77.5918608"/>
  <node id="12438699391" lat="12.9761974" lon="77.5988111"/>
  <node id="12438699392" lat="12.9759366" lon="77.5990185"/>
  <node id="12438699393" lat="12.9762430" lon="77.5987758"/>
  <node id="12438699394" lat="12.9762560" lon="77.5994054"/>
  <node id="12438699399" lat="12.9762755" lon="77.5994435"/>
  <node id="12461052145" lat="12.9718446" lon="77.5959881">
    <tag k="entrance" v="yes"/>
  </node>
  <node id="12461052146" lat="12.9719744" lon="77.5960441"/>
  <node id="12461052147" lat="12.9715324" lon="77.5958535"/>
  <node id="12461052148" lat="12.9716544" lon="77.5959061">
    <tag k="entrance" v="yes"/>
  </node>
  <node id="12462400280" lat="12.9665425" lon="77.5984438"/>
  <node id="12462431258" lat="12.9743867" lon="77.5934762"/>
  <node id="12462431259" lat="12.9737759" lon="77.5936271"/>
  <node id="12462431260" lat="12.9726143" lon="77.5938670"/>
  <node id="12462431261" lat="12.9724436" lon="77.5939205"/>
  <node id="12462431262" lat="12.9724165" lon="77.5938406"/>
  <node id="12462431263" lat="12.9725668" lon="77.5938179"/>
  <node id="12462431264" lat="12.9726778" lon="77.5938027"/>
  <node id="12462431265" lat="12.9730401" lon="77.5937051"/>
  <node id="12462431266" lat="12.9732807" lon="77.5936455"/>
  <node id="12462431267" lat="12.9741913" lon="77.5934517"/>
  <node id="12462431268" lat="12.9744032" lon="77.5934058"/>
  <node id="12462431269" lat="12.9744887" lon="77.5933775"/>
  <node id="12462431270" lat="12.9746116" lon="77.5933441"/>
  <node id="12462431271" lat="12.9746743" lon="77.5933198"/>
  <node id="12462431272" lat="12.9748076" lon="77.5932223"/>
  <node id="12462431273" lat="12.9748816" lon="77.5931123"/>
  <node id="12462431274" lat="12.9749459" lon="77.5929595"/>
  <node id="12462431275" lat="12.9749791" lon="77.5928330"/>
  <node id="12462431276" lat="12.9749394" lon="77.5926218"/>
  <node id="12462431277" lat="12.9747343" lon="77.5918028"/>
  <node id="12462431278" lat="12.9746490" lon="77.5915110"/>
  <node id="12462431279" lat="12.9746168" lon="77.5914395"/>
  <node id="12462431280" lat="12.9745086" lon="77.5913581"/>
  <node id="12462431281" lat="12.9743082" lon="77.5914109"/>
  <node id="12462431282" lat="12.9738763" lon="77.5917442"/>
  <node id="12462431283" lat="12.9734025" lon="77.5923150"/>
  <node id="12462431284" lat="12.9732483" lon="77.5925233"/>
  <node id="12462431285" lat="12.9725092" lon="77.5935859"/>
  <node id="12462431286" lat="12.9724501" lon="77.5936923"/>
  <node id="12462431287" lat="12.9723890" lon="77.5938012"/>
  <node id="12462431288" lat="12.9750986" lon="77.5931532"/>
  <node id="12462431289" lat="12.9750173" lon="77.5931667"/>
  <node id="12462434283" lat="12.9695430" lon="77.6024357"/>
  <node id="12462434285" lat="12.9694839" lon="77.6024848">
    <tag k="crossing" v="uncontrolled"/>
    <tag k="crossing:markings" v="zebra"/>
    <tag k="highway" v="crossing"/>
  </node>
  <node id="12462434289" lat="12.9690533" lon="77.6019578">
    <tag k="maxspeed" v="25"/>
    <tag k="traffic_sign" v="maxspeed"/>
  </node>
  <node id="12462434290" lat="12.9693240" lon="77.6024079"/>
  <node id="12462447304" lat="12.9681351" lon="77.6003564"/>
  <node id="12462447306" lat="12.9679391" lon="77.6004486"/>
  <node id="12462450425" lat="12.9683374" lon="77.5964753">
    <tag k="barrier" v="kerb"/>
    <tag k="kerb" v="lowered"/>
  </node>
  <node id="12462450426" lat="12.9682803" lon="77.5964527">
    <tag k="barrier" v="kerb"/>
    <tag k="kerb" v="lowered"/>
  </node>
  <node id="12462450427" lat="12.9710266" lon="77.5976870">
    <tag k="direction" v="backward"/>
    <tag k="highway" v="stop"/>
    <tag k="stop" v="minor"/>
  </node>
  <node id="12462450428" lat="12.9716400" lon="77.5954007"/>
  <node id="12462450429" lat="12.9716273" lon="77.5953959">
    <tag k="barrier" v="kerb"/>
    <tag k="kerb" v="raised"/>
  </node>
  <node id="12462450430" lat="12.9715280" lon="77.5953548"/>
  <node id="12462450431" lat="12.9715371" lon="77.5953584">
    <tag k="barrier" v="kerb"/>
    <tag k="kerb" v="raised"/>
  </node>
  <node id="12462450432" lat="12.9715852" lon="77.5953784">
    <tag k="crossing" v="uncontrolled"/>
    <tag k="highway" v="crossing"/>
  </node>
  <node id="12462450433" lat="12.9712111" lon="77.5962870"/>
  <node id="12462450434" lat="12.9712211" lon="77.5976194"/>
  <node id="12462450435" lat="12.9712042" lon="77.5977709"/>
  <node id="12483048817" lat="12.9754521" lon="77.5998708"/>
  <node id="12526376801" lat="12.9704373" lon="77.6008017">
    <tag k="barrier" v="kerb"/>
    <tag k="kerb" v="lowered"/>
    <tag k="tactile_paving" v="yes"/>
  </node>
  <node id="12526376802" lat="12.9704516" lon="77.6007412">
    <tag k="barrier" v="kerb"/>
    <tag k="kerb" v="lowered"/>
    <tag k="tactile_paving" v="yes"/>
  </node>
  <node id="12526376803" lat="12.9704446" lon="77.6007707">
    <tag k="crossing" v="uncontrolled"/>
    <tag k="highway" v="crossing"/>
  </node>
  <node id="12526376804" lat="12.9704334" lon="77.6008159"/>
  <node id="12526376805" lat="12.9704571" lon="77.6007179"/>
  <node id="12526376806" lat="12.9705602" lon="77.6001745">
    <tag k="highway" v="crossing"/>
  </node>
  <node id="12526376807" lat="12.9705383" lon="77.6002556">
    <tag k="highway" v="crossing"/>
  </node>
  <node id="12526376808" lat="12.9705852" lon="77.6001809">
    <tag k="access" v="private"/>
    <tag k="barrier" v="gate"/>
  </node>
  <node id="12526376809" lat="12.9705626" lon="77.6002626">
    <tag k="access" v="private"/>
    <tag k="barrier" v="gate"/>
  </node>
  <node id="12526376810" lat="12.9707110" lon="77.6002128"/>
  <node id="12526376811" lat="12.9705030" lon="77.6001607"/>
  <node id="12526376812" lat="12.9706640" lon="77.6002919"/>
  <node id="12526376813" lat="12.9704805" lon="77.6002391"/>
  <node id="12558269328" lat="12.9718895" lon="77.5947383"/>
  <node id="12558269329" lat="12.9717766" lon="77.5950067"/>
  <node id="12558269330" lat="12.9716627" lon="77.5952956"/>
  <node id="12558269331" lat="12.9715817" lon="77.5954727"/>
  <node id="12558269332" lat="12.9714627" lon="77.5957712"/>
  <node id="12558269333" lat="12.9713299" lon="77.5960626"/>
  <node id="12558269334" lat="12.9712420" lon="77.5963109"/>
  <node id="12558269335" lat="12.9712190" lon="77.5964053"/>
  <node id="12558269336" lat="12.9711903" lon="77.5966058"/>
  <node id="12558269337" lat="12.9711845" lon="77.5966524"/>
  <node id="12558269338" lat="12.9711655" lon="77.5969438"/>
  <node id="12558269339" lat="12.9711638" lon="77.5972039"/>
  <node id="12558269340" lat="12.9711851" lon="77.5974588"/>
  <node id="12558269341" lat="12.9712133" lon="77.5976599"/>
  <node id="12558269342" lat="12.9712399" lon="77.5977446"/>
  <node id="12558269343" lat="12.9711911" lon="77.5975843"/>
  <node id="12558269344" lat="12.9717279" lon="77.5951284"/>
  <node id="12558269345" lat="12.9716185" lon="77.5953922">
    <tag k="crossing" v="uncontrolled"/>
    <tag k="highway" v="crossing"/>
  </node>
  <node id="12558269346" lat="12.9711957" lon="77.5965678">
    <tag k="crossing" v="uncontrolled"/>
    <tag k="highway" v="crossing"/>
  </node>
  <node id="12558269347" lat="12.9711680" lon="77.5969057"/>
  <node id="12558269348" lat="12.9711641" lon="77.5971675"/>
  <node id="12558269349" lat="12.9711672" lon="77.5972449"/>
  <node id="12558269350" lat="12.9711727" lon="77.5968337"/>
  <node id="12558269351" lat="12.9711448" lon="77.5967599"/>
  <node id="12637796153" lat="12.9712321" lon="77.5977930"/>
  <node id="12637796154" lat="12.9712196" lon="77.5978275"/>
  <node id="12637796155" lat="12.9711736" lon="77.5979278"/>
  <node id="12637796156" lat="12.9711668" lon="77.5979408"/>
  <node id="12637796157" lat="12.9711341" lon="77.5979324"/>
  <node id="12669376167" lat="12.9745791" lon="77.5914111">
    <tag k="addr:floor" v="G"/>
    <tag k="barrier" v="turnstile"/>
    <tag k="level" v="0"/>
  </node>
  <node id="12669651430" lat="12.9714011" lon="77.5922901"/>
  <node id="12669651431" lat="12.9714383" lon="77.5922627"/>
  <node id="12669651432" lat="12.9714652" lon="77.5922440"/>
  <node id="12669651433" lat="12.9715152" lon="77.5921887"/>
  <node id="12669651434" lat="12.9710188" lon="77.5924002"/>
  <node id="12669651435" lat="12.9713331" lon="77.5927421"/>
  <node id="12669651446" lat="12.9757392" lon="77.5936796"/>
  <node id="12669651447" lat="12.9759719" lon="77.5937641"/>
  <node id="12672242885" lat="12.9707554" lon="77.5906371"/>
  <node id="12672290806" lat="12.9705886" lon="77.5919432"/>
  <node id="12672290808" lat="12.9704598" lon="77.5918769"/>
  <node id="12672290809" lat="12.9706882" lon="77.5920662"/>
  <node id="12673415800" lat="12.9720342" lon="77.5938314">
    <tag k="highway" v="traffic_signals"/>
    <tag k="traffic_signals" v="signal"/>
  </node>
  <node id="12673430221" lat="12.9757105" lon="77.5952782"/>
  <node id="12673430222" lat="12.9757856" lon="77.5954150"/>
  <node id="12673430227" lat="12.9759523" lon="77.5958150"/>
  <node id="12675389867" lat="12.9766045" lon="77.5988920"/>
  <node id="12712748525" lat="12.9715994" lon="77.5930355">
    <tag k="direction" v="forward"/>
    <tag k="distance" v="0.700"/>
    <tag k="highway" v="milestone"/>
  </node>
  <node id="12712748526" lat="12.9716067" lon="77.5926168"/>
  <node id="12712748527" lat="12.9715821" lon="77.5925544"/>
  <node id="12712748528" lat="12.9715684" lon="77.5925282"/>
  <node id="12712748529" lat="12.9715252" lon="77.5924947"/>
  <node id="12712748530" lat="12.9714906" lon="77.5924887"/>
  <node id="12712748531" lat="12.9714651" lon="77.5924961"/>
  <node id="12712748532" lat="12.9714494" lon="77.5925135"/>
  <node id="12712748533" lat="12.9714403" lon="77.5925396"/>
  <node id="12712748534" lat="12.9714246" lon="77.5925638"/>
  <node id="12712748535" lat="12.9713952" lon="77.5925685"/>
  <node id="12712748536" lat="12.9713527" lon="77.5925785"/>
  <node id="12712748537" lat="12.9713011" lon="77.5926188"/>
  <node id="12712748538" lat="12.9712171" lon="77.5927269"/>
  <node id="12712748539" lat="12.9712255" lon="77.5927158">
    <tag k="barrier" v="gate"/>
    <tag k="locked" v="yes"/>
  </node>
  <node id="12712748540" lat="12.9712444" lon="77.5926906"/>
  <node id="12712748541" lat="12.9712630" lon="77.5926659"/>
  <node id="12712758437" lat="12.9711819" lon="77.5918259"/>
  <node id="12712758438" lat="12.9712632" lon="77.5919241"/>
  <node id="12718254341" lat="12.9721319" lon="77.5941296"/>
  <node id="12759084951" lat="12.9677785" lon="77.5883841"/>
  <node id="12759084952" lat="12.9678101" lon="77.5885114"/>
  <node id="12797816409" lat="12.9758675" lon="77.5982649"/>
  <node id="12797816410" lat="12.9755778" lon="77.5984844"/>
  <node id="12797816411" lat="12.9758262" lon="77.5982919"/>
  <node id="12809352200" lat="12.9680437" lon="77.5924878">
    <tag k="highway" v="speed_camera"/>
  </node>
  <node id="12846334630" lat="12.9701785" lon="77.6007571"/>
  <node id="12846334631" lat="12.9701835" lon="77.6007368">
    <tag k="barrier" v="kerb"/>
    <tag k="kerb" v="lowered"/>
    <tag k="tactile_paving" v="yes"/>
  </node>
  <node id="12846334632" lat="12.9701909" lon="77.6007081">
    <tag k="crossing" v="uncontrolled"/>
    <tag k="highway" v="crossing"/>
  </node>
  <node id="12846334633" lat="12.9701998" lon="77.6006737">
    <tag k="barrier" v="kerb"/>
    <tag k="kerb" v="lowered"/>
    <tag k="tactile_paving" v="yes"/>
  </node>
  <node id="12846334634" lat="12.9702052" lon="77.6006532"/>
  <node id="13061524948" lat="12.9696095" lon="77.6025347"/>
  <node id="13065062913" lat="12.9712805" lon="77.5962022"/>
  <node id="13310352822" lat="12.9698880" lon="77.6005785"/>
  <node id="13310352823" lat="12.9698974" lon="77.6006344"/>
  <node id="13310352824" lat="12.9700015" lon="77.6001420"/>
  <node id="13310352825" lat="12.9699896" lon="77.6001547"/>
  <node id="13310352826" lat="12.9699924" lon="77.6001472"/>
  <node id="13310352827" lat="12.9704394" lon="77.6002541"/>
  <node id="13381213924" lat="12.9666729" lon="77.5965095"/>
  <node id="13404513612" lat="12.9727832" lon="77.6011615"/>
  <node id="13404513636" lat="12.9728572" lon="77.6011685"/>
  <node id="13423146078" lat="12.9761126" lon="77.5995808"/>
  <node id="13423146080" lat="12.9764123" lon="77.5994361"/>
  <node id="13423159926" lat="12.9761300" lon="77.5999452"/>
  <node id="13423159928" lat="12.9763381" lon="77.5993645"/>
  <node id="13423159929" lat="12.9763786" lon="77.5993273"/>
  <node id="13423159940" lat="12.9758869" lon="77.6000183"/>
  <node id="13447636730" lat="12.9702859" lon="77.5918264">
    <tag k="traffic_calming" v="rumble_strip"/>
  </node>
  <node id="13447636734" lat="12.9704100" lon="77.5918209"/>
  <node id="13447636735" lat="12.9702852" lon="77.5919459"/>
  <node id="13450602812" lat="12.9681204" lon="77.5890769"/>
  <node id="13450602814" lat="12.9675760" lon="77.5894796"/>
  <node id="13459508908" lat="12.9739512" lon="77.5955426"/>
  <node id="13459508909" lat="12.9738321" lon="77.5957178"/>
  <node id="13459508924" lat="12.9745451" lon="77.5955789"/>
  <node id="13459508925" lat="12.9744963" lon="77.5955297"/>
  <node id="13459508926" lat="12.9739823" lon="77.5955808"/>
  <node id="13459508927" lat="12.9740429" lon="77.5956178"/>
  <node id="13459508928" lat="12.9766165" lon="77.5988710"/>
  <node id="13459508929" lat="12.9758823" lon="77.5980498"/>
  <node id="13459508930" lat="12.9757740" lon="77.5978947"/>
  <node id="13459508931" lat="12.9754897" lon="77.5974977"/>
  <node id="13459508932" lat="12.9748932" lon="77.5966409"/>
  <node id="13459508933" lat="12.9740155" lon="77.5956215"/>
  <node id="13459508934" lat="12.9739237" lon="77.5955088"/>
  <node id="13459508935" lat="12.9739341" lon="77.5954958"/>
  <node id="13459508936" lat="12.9724839" lon="77.5939700"/>
  <node id="13459508937" lat="12.9724454" lon="77.5939555"/>
  <node id="13459508938" lat="12.9724371" lon="77.5939548"/>
  <node id="13459508939" lat="12.9724240" lon="77.5939910"/>
  <node id="13459508940" lat="12.9724309" lon="77.5940517"/>
  <node id="13459508941" lat="12.9724525" lon="77.5941228"/>
  <node id="13459508942" lat="12.9724907" lon="77.5941798"/>
  <node id="13459508943" lat="12.9727929" lon="77.5944420"/>
  <node id="13459508944" lat="12.9734646" lon="77.5950150"/>
  <node id="13459508945" lat="12.9735473" lon="77.5950857"/>
  <node id="13459508946" lat="12.9737479" lon="77.5953355"/>
  <node id="13459508947" lat="12.9739965" lon="77.5956369"/>
  <node id="13459508948" lat="12.9740436" lon="77.5956557"/>
  <node id="13459508949" lat="12.9742373" lon="77.5958944"/>
  <node id="13459508950" lat="12.9742442" lon="77.5959367"/>
  <node id="13459508951" lat="12.9742753" lon="77.5959766"/>
  <node id="13459508952" lat="12.9743023" lon="77.5960064"/>
  <node id="13459508953" lat="12.9746320" lon="77.5963859"/>
  <node id="13459508954" lat="12.9746652" lon="77.5964252"/>
  <node id="13459508955" lat="12.9746960" lon="77.5964594"/>
  <node id="13459508956" lat="12.9750332" lon="77.5968805"/>
  <node id="13459508957" lat="12.9750558" lon="77.5969127"/>
  <node id="13459508958" lat="12.9751606" lon="77.5970682"/>
  <node id="13459508959" lat="12.9752410" lon="77.5971852"/>
  <node id="13459508960" lat="12.9754627" lon="77.5975187"/>
  <node id="13459508961" lat="12.9757570" lon="77.5979053"/>
  <node id="13459508962" lat="12.9758659" lon="77.5980652"/>
  <node id="13459508963" lat="12.9762417" lon="77.5985944"/>
  <node id="13459508964" lat="12.9765132" lon="77.5989095"/>
  <node id="13459508965" lat="12.9765410" lon="77.5989199"/>
  <node id="13459508966" lat="12.9765743" lon="77.5989129"/>
  <node id="13459508967" lat="12.9766156" lon="77.5988946"/>
  <node id="13459508968" lat="12.9766341" lon="77.5988754"/>
  <node id="13459508970" lat="12.9721564" lon="77.5942988"/>
  <node id="13459508971" lat="12.9722071" lon="77.5942898"/>
  <node id="13459508972" lat="12.9741344" lon="77.5960916"/>
  <node id="13459508973" lat="12.9738428" lon="77.5957634"/>
  <node id="13459508974" lat="12.9738574" lon="77.5957509"/>
  <node id="13459508975" lat="12.9738039" lon="77.5956808"/>
  <node id="13459508976" lat="12.9737950" lon="77.5956684"/>
  <node id="13459508977" lat="12.9737780" lon="77.5956829"/>
  <node id="13459508978" lat="12.9736178" lon="77.5954840"/>
  <node id="13459508979" lat="12.9734905" lon="77.5953249"/>
  <node id="13459508980" lat="12.9731271" lon="77.5949927"/>
  <node id="13459508981" lat="12.9730760" lon="77.5949529"/>
  <node id="13459508982" lat="12.9721530" lon="77.5943338"/>
  <node id="13459508983" lat="12.9721494" lon="77.5943186"/>
  <node id="13459508984" lat="12.9721460" lon="77.5943042"/>
  <node id="13459508985" lat="12.9722649" lon="77.5942871"/>
  <node id="13459508986" lat="12.9723195" lon="77.5943005"/>
  <node id="13459508987" lat="12.9723871" lon="77.5943240"/>
  <node id="13459508988" lat="12.9724404" lon="77.5943642"/>
  <node id="13459508989" lat="12.9724730" lon="77.5943924"/>
  <node id="13459508990" lat="12.9726995" lon="77.5945892"/>
  <node id="13459508991" lat="12.9727034" lon="77.5946180"/>
  <node id="13459508992" lat="12.9728583" lon="77.5947437"/>
  <node id="13459508993" lat="12.9728955" lon="77.5947421"/>
  <node id="13459508994" lat="12.9729850" lon="77.5948172"/>
  <node id="13459508995" lat="12.9729870" lon="77.5948463"/>
  <node id="13459508996" lat="12.9730540" lon="77.5948956"/>
  <node id="13459508997" lat="12.9730729" lon="77.5948879"/>
  <node id="13459508998" lat="12.9731062" lon="77.5949099"/>
  <node id="13459508999" lat="12.9731597" lon="77.5949495"/>
  <node id="13459509000" lat="12.9733634" lon="77.5951186"/>
  <node id="13459537701" lat="12.9733235" lon="77.5951374"/>
  <node id="13459537703" lat="12.9726972" lon="77.5946227"/>
  <node id="13459537704" lat="12.9728556" lon="77.5947508"/>
  <node id="13459537705" lat="12.9734258" lon="77.5951917"/>
  <node id="13459537706" lat="12.9735289" lon="77.5953044"/>
  <node id="13459537707" lat="12.9735525" lon="77.5953342"/>
  <node id="13459537708" lat="12.9735519" lon="77.5953667"/>
  <node id="13459537709" lat="12.9735996" lon="77.5954244"/>
  <node id="13459537710" lat="12.9736251" lon="77.5954297"/>
  <node id="13459537711" lat="12.9736454" lon="77.5954549"/>
  <node id="13459537712" lat="12.9738449" lon="77.5957093"/>
  <node id="13459537713" lat="12.9738655" lon="77.5957187"/>
  <node id="13459537714" lat="12.9739293" lon="77.5957968"/>
  <node id="13459537715" lat="12.9740608" lon="77.5959580"/>
  <node id="13459537716" lat="12.9743223" lon="77.5962726"/>
  <node id="13459537717" lat="12.9743219" lon="77.5963031"/>
  <node id="13459537718" lat="12.9743932" lon="77.5963846"/>
  <node id="13459537719" lat="12.9744222" lon="77.5963903"/>
  <node id="13459537720" lat="12.9744791" lon="77.5964560"/>
  <node id="13459537721" lat="12.9744791" lon="77.5964959"/>
  <node id="13459537722" lat="12.9745389" lon="77.5965609"/>
  <node id="13459537723" lat="12.9745693" lon="77.5965626"/>
  <node id="13459537724" lat="12.9745902" lon="77.5965898"/>
  <node id="13459537725" lat="12.9745915" lon="77.5965998"/>
  <node id="13459537726" lat="12.9745778" lon="77.5966223"/>
  <node id="13459537727" lat="12.9745875" lon="77.5966105">
    <tag k="barrier" v="kerb"/>
  </node>
  <node id="13459537728" lat="12.9745324" lon="77.5965623"/>
  <node id="13459537777" lat="12.9740129" lon="77.5956299"/>
  <node id="13459537778" lat="12.9740469" lon="77.5956453"/>
  <node id="13459537780" lat="12.9748718" lon="77.5966156"/>
  <node id="13459537781" lat="12.9749630" lon="77.5969938"/>
  <node id="13459537782" lat="12.9749417" lon="77.5968399"/>
  <node id="13459537783" lat="12.9748764" lon="77.5968764"/>
  <node id="13459537784" lat="12.9744030" lon="77.5964339"/>
  <node id="13459537785" lat="12.9748274" lon="77.5968677"/>
  <node id="13459537786" lat="12.9763830" lon="77.5993315"/>
  <node id="13459537787" lat="12.9763985" lon="77.5993154"/>
  <node id="13459537788" lat="12.9764283" lon="77.5992700"/>
  <node id="13459537789" lat="12.9764371" lon="77.5992371"/>
  <node id="13459537790" lat="12.9764381" lon="77.5992059"/>
  <node id="13459537791" lat="12.9763972" lon="77.5990846"/>
  <node id="13459537792" lat="12.9763603" lon="77.5990041"/>
  <node id="13459537793" lat="12.9763195" lon="77.5989387"/>
  <node id="13459537794" lat="12.9762148" lon="77.5987976"/>
  <node id="13459537795" lat="12.9758388" lon="77.5982837"/>
  <node id="13459537796" lat="12.9756641" lon="77.5980449"/>
  <node id="13459537797" lat="12.9754017" lon="77.5976828"/>
  <node id="13459537798" lat="12.9751717" lon="77.5973504"/>
  <node id="13459537799" lat="12.9750515" lon="77.5971812"/>
  <node id="13459537800" lat="12.9749365" lon="77.5970169"/>
  <node id="13459537801" lat="12.9747186" lon="77.5967323"/>
  <node id="13459537802" lat="12.9746813" lon="77.5966873"/>
  <node id="13459537803" lat="12.9746712" lon="77.5966823">
    <tag k="barrier" v="kerb"/>
  </node>
  <node id="13459537804" lat="12.9751506" lon="77.5973619"/>
  <node id="13459537805" lat="12.9758152" lon="77.5983004"/>
  <node id="13459537806" lat="12.9761846" lon="77.5988213"/>
  <node id="13459537807" lat="12.9764185" lon="77.5991919"/>
  <node id="13459537808" lat="12.9764119" lon="77.5992693"/>
  <node id="13644529687" lat="12.9680100" lon="77.5920786"/>
  <node id="13644529688" lat="12.9679960" lon="77.5920582"/>
  <node id="13644548927" lat="12.9677366" lon="77.5939773"/>
  <node id="13644549682" lat="12.9678756" lon="77.5906822"/>
  <node id="13711052356" lat="12.9747387" lon="77.5991714"/>
  <node id="13711257119" lat="12.9745766" lon="77.5991407"/>
  <node id="13711257120" lat="12.9746105" lon="77.5991437"/>
  <node id="13763658366" lat="12.9739620" lon="77.5957740"/>
  <node id="13763658367" lat="12.9740925" lon="77.5959319"/>
  <node id="13763680939" lat="12.9678978" lon="77.5926487"/>
  <node id="13780598652" lat="12.9760757" lon="77.5985482"/>
  <node id="13780598653" lat="12.9758954" lon="77.5986880"/>
  <node id="13780598654" lat="12.9758757" lon="77.5986998"/>
  <node id="13780598655" lat="12.9758648" lon="77.5987002"/>
  <node id="13780598656" lat="12.9758530" lon="77.5986922"/>
  <node id="13780598657" lat="12.9758051" lon="77.5986209"/>
  <node id="13780598658" lat="12.9758053" lon="77.5986068"/>
  <node id="13780598659" lat="12.9758143" lon="77.5985922"/>
  <node id="13780598660" lat="12.9758229" lon="77.5985844"/>
  <node id="13780598661" lat="12.9759970" lon="77.5984411"/>
  <node id="13780598662" lat="12.9760160" lon="77.5985946"/>
  <node id="13780598663" lat="12.9759368" lon="77.5984908"/>
  <node id="13780598664" lat="12.9760333" lon="77.5985816"/>
  <node id="13780598665" lat="12.9759563" lon="77.5984747"/>
  <node id="13821898844" lat="12.9697962" lon="77.5975210"/>
  <node id="13821904846" lat="12.9733249" lon="77.5972482"/>
  <node id="13821904847" lat="12.9733782" lon="77.5970932"/>
  <node id="13821904850" lat="12.9727368" lon="77.5968409"/>
  <node id="13821904851" lat="12.9726804" lon="77.5969964"/>
  <node id="13821904862" lat="12.9733830" lon="77.5967641"/>
  <node id="13821904863" lat="12.9732758" lon="77.5966836"/>
  <node id="13821904864" lat="12.9730014" lon="77.5965790">
    <tag k="access" v="private"/>
    <tag k="amenity" v="parking_entrance"/>
    <tag k="parking" v="underground"/>
  </node>
  <node id="13821904865" lat="12.9734013" lon="77.5968352"/>
  <node id="13821904866" lat="12.9732640" lon="77.5967439"/>
  <node id="13821904867" lat="12.9728317" lon="77.5965790"/>
  <node id="13821904868" lat="12.9727580" lon="77.5967824"/>
  <node id="13821904869" lat="12.9725158" lon="77.5966899"/>
  <node id="13821904870" lat="12.9724175" lon="77.5969612"/>
  <node id="13821904871" lat="12.9726597" lon="77.5970536"/>
  <node id="13821904872" lat="12.9722064" lon="77.5944459"/>
  <node id="13821904873" lat="12.9722185" lon="77.5944306"/>
  <node id="13821904874" lat="12.9721963" lon="77.5944628"/>
  <node id="13821904875" lat="12.9720787" lon="77.5947216"/>
  <node id="13821904876" lat="12.9725231" lon="77.5947982"/>
  <node id="13821904877" lat="12.9725701" lon="77.5946183"/>
  <node id="13821904878" lat="12.9723736" lon="77.5944135"/>
  <node id="13821904879" lat="12.9723532" lon="77.5943986"/>
  <node id="13821904880" lat="12.9723297" lon="77.5943893"/>
  <node id="13821904881" lat="12.9722834" lon="77.5943890"/>
  <node id="13821904882" lat="12.9722630" lon="77.5943962"/>
  <node id="13821904883" lat="12.9723897" lon="77.5944333"/>
  <node id="13821904884" lat="12.9723048" lon="77.5943863"/>
  <node id="13821904885" lat="12.9722447" lon="77.5944078"/>
  <node id="13821904886" lat="12.9728791" lon="77.5948526"/>
  <node id="13821904887" lat="12.9728897" lon="77.5948470"/>
  <node id="13821904888" lat="12.9729016" lon="77.5948467"/>
  <node id="13821904889" lat="12.9729207" lon="77.5948624"/>
  <node id="13821904890" lat="12.9729125" lon="77.5948517"/>
  <node id="13821904891" lat="12.9729229" lon="77.5948758"/>
  <node id="13821904892" lat="12.9729046" lon="77.5949898"/>
  <node id="13821904893" lat="12.9727909" lon="77.5951333"/>
  <node id="13821904894" lat="12.9727779" lon="77.5951856">
    <tag k="access" v="private"/>
    <tag k="amenity" v="parking_entrance"/>
    <tag k="parking" v="underground"/>
  </node>
  <node id="13821904895" lat="12.9720086" lon="77.5947252"/>
  <node id="13821904896" lat="12.9724773" lon="77.5948021"/>
  <node id="13821904897" lat="12.9728720" lon="77.5948624"/>
  <node id="13821904898" lat="12.9728511" lon="77.5949818"/>
  <node id="13821904899" lat="12.9727387" lon="77.5951092"/>
  <node id="13821904900" lat="12.9727034" lon="77.5953211"/>
  <node id="13821904901" lat="12.9725975" lon="77.5953962"/>
  <node id="13821904902" lat="12.9725910" lon="77.5954257"/>
  <node id="13821904903" lat="12.9721349" lon="77.5953291"/>
  <node id="13823825645" lat="12.9713541" lon="77.6009590"/>
  <node id="13823825646" lat="12.9713857" lon="77.6008171">
    <tag k="access" v="private"/>
    <tag k="barrier" v="gate"/>
  </node>
  <node id="13856078474" lat="12.9710868" lon="77.6001403"/>
  <node id="13856078475" lat="12.9714343" lon="77.6002354"/>
  <node id="13973794414" lat="12.9687047" lon="77.5940676"/>
  <node id="13973794415" lat="12.9692311" lon="77.5944084"/>
  <node id="13973794416" lat="12.9687884" lon="77.5926028"/>
  <node id="13973794417" lat="12.9688410" lon="77.5926587"/>
  <node id="13973794434" lat="12.9689390" lon="77.5925672"/>
  <node id="14103099605" lat="12.9756103" lon="77.6006660"/>
  <node id="14103099616" lat="12.9756532" lon="77.6000692"/>
  <node id="14103099619" lat="12.9743549" lon="77.6014340"/>
  <node id="14103099620" lat="12.9743666" lon="77.6013942">
    <tag k="highway" v="crossing"/>
  </node>
  <node id="14103099621" lat="12.9743725" lon="77.6013743"/>
  <node id="14103099622" lat="12.9743433" lon="77.6014733"/>
  <node id="14103099623" lat="12.9745664" lon="77.6007159"/>
  <node id="14103099665" lat="12.9754180" lon="77.6004995"/>
  <node id="14103099666" lat="12.9753420" lon="77.6007765"/>
  <node id="14103099667" lat="12.9751556" lon="77.6007227"/>
  <node id="14103099668" lat="12.9751249" lon="77.6008347"/>
  <node id="14103099669" lat="12.9751044" lon="77.6010671"/>
  <node id="14103099670" lat="12.9753694" lon="77.6011240"/>
  <node id="14103099671" lat="12.9753851" lon="77.6010127"/>
  <node id="14103099672" lat="12.9751241" lon="77.6009504"/>
  <node id="14103099673" lat="12.9749137" lon="77.6013394"/>
  <node id="14103099674" lat="12.9747547" lon="77.6013193"/>
  <node id="14103099675" lat="12.9748208" lon="77.6007686"/>
  <node id="14103099676" lat="12.9749751" lon="77.6008019"/>
  <node id="14103099677" lat="12.9749403" lon="77.6011178"/>
  <node id="14103099678" lat="12.9750923" lon="77.6011388"/>
  <node id="14103099679" lat="12.9751430" lon="77.6008387"/>
  <node id="14103099680" lat="12.9735620" lon="77.5996394"/>
  <node id="14103099681" lat="12.9735341" lon="77.5998127"/>
  <node id="14103099691" lat="12.9736568" lon="77.6002978"/>
  <node id="14103099717" lat="12.9732523" lon="77.6002443"/>
  <node id="14103099718" lat="12.9732915" lon="77.5999358"/>
  <node id="14103099719" lat="12.9733085" lon="77.6004924"/>
  <node id="14103099720" lat="12.9741755" lon="77.6014113"/>
  <node id="14103099721" lat="12.9741695" lon="77.6013460"/>
  <node id="14103099722" lat="12.9741808" lon="77.6014542"/>
  <node id="14103099730" lat="12.9747181" lon="77.6002553"/>
  <node id="14103099731" lat="12.9747780" lon="77.6002436"/>
  <way id="23029701">
    <nd ref="1492519184"/>
    <nd ref="3355802418"/>
    <nd ref="10060645487"/>
    <nd ref="13823825645"/>
    <nd ref="10295397891"/>
    <nd ref="10060645498"/>
    <nd ref="428843494"/>
    <nd ref="10060645490"/>
    <nd ref="12526376803"/>
    <nd ref="10060645501"/>
    <nd ref="248459829"/>
    <nd ref="12846334632"/>
    <nd ref="13310352823"/>
    <nd ref="9532858997"/>
    <nd ref="10060645508"/>
    <nd ref="10060645512"/>
    <nd ref="248459830"/>
    <nd ref="10086861524"/>
    <nd ref="9190068647"/>
    <nd ref="248459831"/>
    <nd ref="9796225988"/>
    <nd ref="1548748220"/>
    <nd ref="428836843"/>
    <nd ref="11496183647"/>
    <tag k="hazard" v="school_zone"/>
    <tag k="highway" v="tertiary"/>
    <tag k="lanes" v="2"/>
    <tag k="maxspeed" v="25"/>
    <tag k="name" v="Saint Mark's Road"/>
    <tag k="name:etymology:wikidata" v="Q31966"/>
    <tag k="name:kn" v="ಸೇಂಟ್ ಮಾರ್ಕ್ಸ್ ರಸ್ತೆ"/>
    <tag k="oneway" v="yes"/>
    <tag k="sidewalk" v="separate"/>
    <tag k="smoothness" v="excellent"/>
    <tag k="surface" v="asphalt"/>
    <tag k="width" v="12"/>
  </way>
  <way id="23029705">
    <nd ref="12118748984"/>
    <nd ref="12119649273"/>
    <nd ref="9593525105"/>
    <nd ref="3395155148"/>
    <nd ref="10236025457"/>
    <nd ref="10236025446"/>
    <nd ref="10236025453"/>
    <nd ref="10236025451"/>
    <nd ref="12022218578"/>
    <nd ref="12118965776"/>
    <nd ref="248459838"/>
    <tag k="highway" v="tertiary"/>
    <tag k="lanes" v="2"/>
    <tag k="name" v="State Bank Road"/>
    <tag k="name:kn" v="ಸ್ಟೇಟ್ ಬ್ಯಾಂಕ್ ರಸ್ತೆ"/>
    <tag k="oneway" v="yes"/>
    <tag k="sidewalk" v="separate"/>
    <tag k="sidewalk:both" v="separate"/>
    <tag k="surface" v="asphalt"/>
    <tag k="width" v="16"/>
  </way>
  <way id="23029710">
    <nd ref="248459840"/>
    <nd ref="11297929245"/>
    <nd ref="10595455534"/>
    <nd ref="10595455532"/>
    <nd ref="10991656257"/>
    <nd ref="1232939392"/>
    <nd ref="10595455531"/>
    <nd ref="12558269351"/>
    <nd ref="10595455530"/>
    <nd ref="12119649248"/>
    <nd ref="10595455529"/>
    <nd ref="248459846"/>
    <nd ref="12462450433"/>
    <nd ref="10060517416"/>
    <nd ref="12119649257"/>
    <nd ref="12462450432"/>
    <nd ref="1557709050"/>
    <nd ref="10060517398"/>
    <nd ref="10595455527"/>
    <nd ref="11506245565"/>
    <tag k="bicycle" v="yes"/>
    <tag k="foot" v="designated"/>
    <tag k="highway" v="tertiary"/>
    <tag k="lanes" v="2"/>
    <tag k="lanes:backward" v="1"/>
    <tag k="lanes:forward" v="1"/>
    <tag k="name" v="Vittal Mallya Road"/>
    <tag k="name:etymology:wikidata" v="Q7937268"/>
    <tag k="name:kn" v="ವಿಠ್ಠಲ ಮಲ್ಯ ರಸ್ತೆ"/>
    <tag k="old_name" v="Grant Road"/>
    <tag k="oneway" v="yes"/>
    <tag k="smoothness" v="excellent"/>
    <tag k="surface" v="concrete"/>
  </way>
  <way id="23029715">
    <nd ref="248459833"/>
    <nd ref="12118965787"/>
    <nd ref="3343263983"/>
    <nd ref="10298313287"/>
    <nd ref="6751891701"/>
    <nd ref="10295411722"/>
    <nd ref="9835980891"/>
    <nd ref="248459809"/>
    <tag k="highway" v="residential"/>
    <tag k="lanes" v="2"/>
    <tag k="name" v="M L Subbaraju Road"/>
    <tag k="name:kn" v="ಸುಬ್ಬರಾಜು ರಸ್ತೆ"/>
    <tag k="surface" v="asphalt"/>
  </way>
  <way id="26283603">
    <nd ref="4058224855"/>
    <nd ref="3943327578"/>
    <tag k="highway" v="secondary"/>
    <tag k="lanes" v="2"/>
    <tag k="maxheight" v="5.7"/>
    <tag k="name" v="Kasturba Road"/>
    <tag k="name:etymology:wikidata" v="Q264908"/>
    <tag k="name:kn" v="ಕಸ್ತೂರ್ಬಾ ರಸ್ತೆ"/>
    <tag k="old_name" v="Sidney Road"/>
    <tag k="oneway" v="yes"/>
    <tag k="sidewalk" v="separate"/>
    <tag k="smoothness" v="excellent"/>
    <tag k="surface" v="asphalt"/>
  </way>
  <way id="36851759">
    <nd ref="248459849"/>
    <nd ref="12119649239"/>
    <nd ref="12118089605"/>
    <nd ref="12119649238"/>
    <nd ref="10060517401"/>
    <nd ref="12118089606"/>
    <nd ref="10060517413"/>
    <nd ref="12118089607"/>
    <nd ref="10086861542"/>
    <nd ref="12119649229"/>
    <nd ref="6645712420"/>
    <nd ref="10060517394"/>
    <nd ref="10060571648"/>
    <nd ref="12119649219"/>
    <nd ref="12119649220"/>
    <nd ref="459815977"/>
    <nd ref="7395562810"/>
    <nd ref="10129602797"/>
    <nd ref="12119649215"/>
    <nd ref="246167200"/>
    <tag k="hazard" v="school_zone"/>
    <tag k="highway" v="primary"/>
    <tag k="lanes" v="2"/>
    <tag k="maxspeed" v="25"/>
    <tag k="name" v="Vittal Mallya Road"/>
    <tag k="name:etymology:wikidata" v="Q7937268"/>
    <tag k="name:kn" v="ವಿಠ್ಠಲ ಮಲ್ಯ ರಸ್ತೆ"/>
    <tag k="old_name" v="Grant Road"/>
    <tag k="oneway" v="yes"/>
    <tag k="sidewalk" v="separate"/>
    <tag k="smoothness" v="excellent"/>
    <tag k="source:maxspeed" v="sign"/>
    <tag k="surface" v="asphalt"/>
  </way>
  <way id="36882310">
    <nd ref="428831259"/>
    <nd ref="11387937883"/>
    <nd ref="249088191"/>
    <nd ref="249088192"/>
    <nd ref="663321358"/>
    <nd ref="661987274"/>
    <nd ref="663309952"/>
    <tag k="access" v="permissive"/>
    <tag k="bicycle" v="no"/>
    <tag k="bicycle:conditional" v="yes @ (Mo-Su 08:00-21:00)"/>
    <tag k="cycleway" v="no"/>
    <tag k="foot" v="yes"/>
    <tag k="highway" v="unclassified"/>
    <tag k="honking" v="no"/>
    <tag k="lanes" v="2"/>
    <tag k="lit" v="yes"/>
    <tag k="maxspeed" v="20"/>
    <tag k="motor_vehicle:conditional" v="yes @ (Mo-Sa 08:00-21:00)"/>
    <tag k="note" v="Vehicular Traffic Allowed only between - 8AM to 9PM from Monday to Saturday. Sunday Vehicles not permitted."/>
    <tag k="oneway" v="yes"/>
    <tag k="surface" v="asphalt"/>
  </way>
  <way id="36882311">
    <nd ref="3943327573"/>
    <nd ref="4058224860"/>
    <nd ref="3943327574"/>
    <nd ref="3701772966"/>
    <nd ref="663599764"/>
    <nd ref="11133510086"/>
    <nd ref="2189657381"/>
    <nd ref="663599758"/>
    <nd ref="287794473"/>
    <nd ref="663313908"/>
    <nd ref="11854682514"/>
    <nd ref="456209065"/>
    <nd ref="286964496"/>
    <nd ref="428831267"/>
    <tag k="access" v="permissive"/>
    <tag k="bicycle" v="no"/>
    <tag k="bicycle:conditional" v="yes @ (Mo-Su 08:00-21:00)"/>
    <tag k="cycleway" v="no"/>
    <tag k="foot" v="yes"/>
    <tag k="highway" v="unclassified"/>
    <tag k="lanes" v="2"/>
    <tag k="maxspeed" v="25"/>
    <tag k="motor_vehicle:conditional" v="yes @ (Mo-Sa 08:00-21:00)"/>
    <tag k="note" v="Vehicular Traffic Allowed only between - 8AM to 9PM from Monday to Saturday. Sunday Vehicles not permitted."/>
    <tag k="oneway" v="yes"/>
    <tag k="sidewalk" v="both"/>
    <tag k="surface" v="asphalt"/>
  </way>
  <way id="36882313">
    <nd ref="248459848"/>
    <nd ref="4058224827"/>
    <tag k="highway" v="secondary"/>
    <tag k="name" v="Kasturba Road"/>
    <tag k="name:etymology:wikidata" v="Q264908"/>
    <tag k="name:kn" v="ಕಸ್ತೂರ್ಬಾ ರಸ್ತೆ"/>
    <tag k="old_name" v="Sidney Road"/>
    <tag k="oneway" v="yes"/>
    <tag k="sidewalk" v="separate"/>
    <tag k="smoothness" v="excellent"/>
    <tag k="surface" v="asphalt"/>
  </way>
  <way id="36883291">
    <nd ref="428843494"/>
    <nd ref="10038438805"/>
    <nd ref="12183313519"/>
    <nd ref="13856078474"/>
    <nd ref="3395155055"/>
    <nd ref="428843495"/>
    <tag k="access" v="private"/>
    <tag k="highway" v="residential"/>
    <tag k="name" v="Papanna Street"/>
  </way>
  <way id="36913434">
    <nd ref="429303163"/>
    <nd ref="1232686148"/>
    <nd ref="6834406263"/>
    <nd ref="12438699393"/>
    <nd ref="13780598652"/>
    <nd ref="13780598661"/>
    <nd ref="12797816409"/>
    <nd ref="10117863522"/>
    <nd ref="12147816753"/>
    <nd ref="10991527881"/>
    <nd ref="429303170"/>
    <nd ref="13459537781"/>
    <nd ref="13459537783"/>
    <nd ref="663573138"/>
    <nd ref="10038561237"/>
    <nd ref="13763658367"/>
    <nd ref="13763658366"/>
    <nd ref="10038561231"/>
    <nd ref="10038561229"/>
    <nd ref="429303165"/>
    <nd ref="10290842816"/>
    <nd ref="10290842814"/>
    <nd ref="429303166"/>
    <tag k="check_date:lit" v="2023-10-12"/>
    <tag k="dual_carriageway" v="yes"/>
    <tag k="highway" v="secondary"/>
    <tag k="lanes" v="2"/>
    <tag k="lit" v="yes"/>
    <tag k="maxheight" v="5.7"/>
    <tag k="maxspeed" v="30"/>
    <tag k="name" v="Kasturba Road"/>
    <tag k="name:etymology:wikidata" v="Q264908"/>
    <tag k="name:kn" v="ಕಸ್ತೂರ್ಬಾ ರಸ್ತೆ"/>
    <tag k="old_name" v="Sidney Road"/>
    <tag k="oneway" v="yes"/>
    <tag k="sidewalk" v="separate"/>
    <tag k="smoothness" v="excellent"/>
    <tag k="surface" v="asphalt"/>
  </way>
  <way id="38773284">
    <nd ref="459815971"/>
    <nd ref="12119558731"/>
    <nd ref="459815972"/>
    <tag k="highway" v="residential"/>
    <tag k="name" v="4th Cross Road"/>
    <tag k="name:kn" v="೪ನೇ ಅಡ್ಡ ರಸ್ತೆ"/>
    <tag k="surface" v="asphalt"/>
  </way>
  <way id="38773285">
    <nd ref="459815973"/>
    <nd ref="12119558733"/>
    <nd ref="12118752246"/>
    <nd ref="459815974"/>
    <tag k="highway" v="residential"/>
    <tag k="lanes" v="2"/>
    <tag k="name" v="2nd Cross Road"/>
    <tag k="name:kn" v="೨ನೇ ಅಡ್ಡ ರಸ್ತೆ"/>
    <tag k="smoothness" v="excellent"/>
    <tag k="surface" v="asphalt"/>
  </way>
  <way id="38773813">
    <nd ref="459820517"/>
    <nd ref="11425338193"/>
    <nd ref="459820518"/>
    <nd ref="12119649260"/>
    <nd ref="11425338173"/>
    <nd ref="12558269342"/>
    <tag k="highway" v="residential"/>
    <tag k="lanes" v="2"/>
    <tag k="name" v="Walton Road"/>
    <tag k="surface" v="asphalt"/>
  </way>
  <way id="45308260">
    <nd ref="12558269342"/>
    <nd ref="11383327924"/>
    <nd ref="248459842"/>
    <nd ref="12118791703"/>
    <nd ref="3351726128"/>
    <nd ref="12121490951"/>
    <nd ref="459820517"/>
    <nd ref="10015163279"/>
    <nd ref="11425338184"/>
    <nd ref="3395155270"/>
    <nd ref="12121490947"/>
    <nd ref="12118748986"/>
    <nd ref="12119649272"/>
    <nd ref="12119649274"/>
    <nd ref="12118748984"/>
    <tag k="abutters" v="mixed"/>
    <tag k="alt_name" v="Subbaraju Road"/>
    <tag k="highway" v="tertiary"/>
    <tag k="lanes" v="2"/>
    <tag k="name" v="Lavelle Road"/>
    <tag k="name:kn" v="ಲಾವೆಲ್ ರಸ್ತೆ"/>
    <tag k="official_name" v="Sri. M. L. Subbaraju Road"/>
    <tag k="oneway" v="no"/>
    <tag k="sidewalk:both" v="yes"/>
    <tag k="smoothness" v="excellent"/>
    <tag k="surface" v="asphalt"/>
  </way>
  <way id="46728567">
    <nd ref="6834406260"/>
    <nd ref="10038561274"/>
    <nd ref="12438699399"/>
    <nd ref="9360725222"/>
    <nd ref="9360725227"/>
    <nd ref="12121490936"/>
    <nd ref="248459833"/>
    <nd ref="12483048817"/>
    <nd ref="12121490943"/>
    <nd ref="3343340257"/>
    <nd ref="663568619"/>
    <nd ref="12121490931"/>
    <nd ref="12118015682"/>
    <nd ref="12118023420"/>
    <nd ref="2189718307"/>
    <nd ref="459820519"/>
    <nd ref="12118748984"/>
    <tag k="alt_name" v="Subbaraju Road"/>
    <tag k="hgv" v="no"/>
    <tag k="highway" v="tertiary"/>
    <tag k="lanes" v="2"/>
    <tag k="maxspeed" v="30"/>
    <tag k="name" v="Lavelle Road"/>
    <tag k="name:kn" v="ಲಾವೆಲ್ ರಸ್ತೆ"/>
    <tag k="official_name" v="Sri. M. L. Subbaraju Road"/>
    <tag k="oneway" v="yes"/>
    <tag k="parking:left" v="lane"/>
    <tag k="parking:left:orientation" v="parallel"/>
    <tag k="parking:right" v="no"/>
    <tag k="sidewalk:both" v="separate"/>
    <tag k="smoothness" v="excellent"/>
    <tag k="source:maxspeed" v="sign"/>
    <tag k="surface" v="asphalt"/>
  </way>
  <way id="51869443">
    <nd ref="456209067"/>
    <nd ref="12109661020"/>
    <nd ref="661987273"/>
    <nd ref="661987277"/>
    <nd ref="661987275"/>
    <nd ref="12109661022"/>
    <nd ref="12190250137"/>
    <tag k="highway" v="footway"/>
  </way>
  <way id="51869445">
    <nd ref="661987289"/>
    <nd ref="10272932194"/>
    <nd ref="661987288"/>
    <nd ref="661987303"/>
    <nd ref="661987299"/>
    <tag k="highway" v="footway"/>
    <tag k="lit" v="yes"/>
    <tag k="smoothness" v="good"/>
    <tag k="surface" v="concrete"/>
  </way>
  <way id="51869446">
    <nd ref="661987303"/>
    <nd ref="661987304"/>
    <nd ref="9161061920"/>
    <nd ref="661987305"/>
    <nd ref="9161061921"/>
    <nd ref="661987278"/>
    <nd ref="661987279"/>
    <nd ref="661987281"/>
    <nd ref="661987276"/>
    <nd ref="661987275"/>
    <tag k="highway" v="footway"/>
  </way>
  <way id="51869449">
    <nd ref="10272932193"/>
    <nd ref="12190248492"/>
    <nd ref="249088192"/>
    <nd ref="12109661030"/>
    <nd ref="661987285"/>
    <nd ref="10272932195"/>
    <nd ref="661987298"/>
    <tag k="highway" v="footway"/>
  </way>
  <way id="52020423">
    <nd ref="663592924"/>
    <nd ref="3343549655"/>
    <nd ref="3343549657"/>
    <nd ref="663941125"/>
    <nd ref="3343549652"/>
    <nd ref="3343549650"/>
    <nd ref="2189683206"/>
    <nd ref="11342975197"/>
    <nd ref="13459508954"/>
    <nd ref="663941093"/>
    <tag k="access" v="permissive"/>
    <tag k="highway" v="service"/>
  </way>
  <way id="52032471">
    <nd ref="456209067"/>
    <nd ref="4017403932"/>
    <nd ref="4017403937"/>
    <nd ref="4017403929"/>
    <nd ref="4017403928"/>
    <nd ref="4017403934"/>
    <tag k="access" v="permissive"/>
    <tag k="bicycle" v="yes"/>
    <tag k="cycleway" v="no"/>
    <tag k="foot" v="yes"/>
    <tag k="highway" v="unclassified"/>
    <tag k="lanes" v="2"/>
    <tag k="maxspeed" v="25"/>
    <tag k="motor_vehicle:conditional" v="yes @ (Mo-Sa 08:00-21:00)"/>
    <tag k="note" v="Vehicular Traffic Allowed only between - 8AM to 9PM from Monday to Saturday. Sunday Vehicles not permitted."/>
    <tag k="oneway" v="yes"/>
    <tag k="surface" v="asphalt"/>
  </way>
  <way id="52033924">
    <nd ref="428831263"/>
    <nd ref="10272932193"/>
    <nd ref="9162246229"/>
    <nd ref="663321357"/>
    <nd ref="12190248485"/>
    <nd ref="3307263061"/>
    <tag k="highway" v="footway"/>
  </way>
  <way id="52033925">
    <nd ref="663321358"/>
    <nd ref="12190248491"/>
    <nd ref="9162246232"/>
    <nd ref="663321357"/>
    <nd ref="9162246226"/>
    <nd ref="12190248483"/>
    <nd ref="663321359"/>
    <tag k="highway" v="footway"/>
  </way>
  <way id="52058677">
    <nd ref="249088244"/>
    <nd ref="12190248418"/>
    <nd ref="663195623"/>
    <nd ref="663558104"/>
    <nd ref="663195624"/>
    <nd ref="663558084"/>
    <tag k="highway" v="footway"/>
  </way>
  <way id="52058680">
    <nd ref="663561786"/>
    <nd ref="663195624"/>
    <nd ref="663558099"/>
    <nd ref="12190248423"/>
    <nd ref="663558098"/>
    <tag k="highway" v="footway"/>
  </way>
  <way id="52060801">
    <nd ref="459820522"/>
    <nd ref="663568613"/>
    <tag k="highway" v="residential"/>
  </way>
  <way id="52063803">
    <nd ref="663599735"/>
    <nd ref="663599738"/>
    <nd ref="9540035613"/>
    <nd ref="663599745"/>
    <nd ref="3448365055"/>
    <nd ref="663599766"/>
    <nd ref="663599758"/>
    <tag k="highway" v="footway"/>
  </way>
  <way id="52063804">
    <nd ref="12672242885"/>
    <nd ref="665065735"/>
    <nd ref="11799171254"/>
    <nd ref="663599744"/>
    <nd ref="11799171249"/>
    <nd ref="663599742"/>
    <nd ref="3701772956"/>
    <nd ref="663599762"/>
    <nd ref="3701772965"/>
    <nd ref="663599767"/>
    <nd ref="663599764"/>
    <nd ref="12462431286"/>
    <nd ref="12462431263"/>
    <nd ref="663599771"/>
    <nd ref="12462431260"/>
    <nd ref="3448365054"/>
    <nd ref="3448365058"/>
    <tag k="highway" v="footway"/>
    <tag k="surface" v="paving_stones"/>
  </way>
  <way id="52063805">
    <nd ref="663599740"/>
    <nd ref="11689826345"/>
    <nd ref="665065739"/>
    <nd ref="11799154695"/>
    <nd ref="663599761"/>
    <nd ref="663599769"/>
    <nd ref="663599762"/>
    <tag k="highway" v="footway"/>
  </way>
  <way id="52063806">
    <nd ref="663599766"/>
    <nd ref="9103464455"/>
    <nd ref="663599767"/>
    <tag k="highway" v="footway"/>
  </way>
  <way id="52063807">
    <nd ref="663599769"/>
    <nd ref="663599766"/>
    <tag k="highway" v="footway"/>
  </way>
  <way id="53624313">
    <nd ref="2189657381"/>
    <nd ref="12462431284"/>
    <nd ref="11133510083"/>
    <nd ref="11133510087"/>
    <nd ref="4793645559"/>
    <nd ref="11133510084"/>
    <nd ref="12462431271"/>
    <nd ref="249088221"/>
    <tag k="highway" v="footway"/>
  </way>
  <way id="53624314">
    <nd ref="677286850"/>
    <nd ref="677286844"/>
    <nd ref="677286845"/>
    <tag k="highway" v="steps"/>
  </way>
  <way id="107240639">
    <nd ref="12558269350"/>
    <nd ref="11425338168"/>
    <nd ref="10291234819"/>
    <nd ref="12433045739"/>
    <nd ref="1232939367"/>
    <nd ref="10291234822"/>
    <nd ref="10290817596"/>
    <tag k="access" v="private"/>
    <tag k="highway" v="service"/>
  </way>
  <way id="112657835">
    <nd ref="248459840"/>
    <nd ref="12119649259"/>
    <nd ref="9540035542"/>
    <nd ref="12462450427"/>
    <nd ref="2228386495"/>
    <nd ref="13821898844"/>
    <nd ref="248459844"/>
    <nd ref="3382418783"/>
    <nd ref="459815971"/>
    <nd ref="1842803325"/>
    <nd ref="459815973"/>
    <nd ref="3956139502"/>
    <nd ref="459815975"/>
    <nd ref="3956139503"/>
    <nd ref="3735584792"/>
    <nd ref="12118116215"/>
    <nd ref="6455342676"/>
    <nd ref="13381213924"/>
    <nd ref="10236025492"/>
    <nd ref="12167552119"/>
    <nd ref="10060658505"/>
    <nd ref="11453116182"/>
    <nd ref="248455457"/>
    <tag k="abutters" v="mixed"/>
    <tag k="alt_name" v="Subbaraju Road"/>
    <tag k="highway" v="tertiary"/>
    <tag k="lanes" v="2"/>
    <tag k="maxspeed" v="30"/>
    <tag k="name" v="Lavelle Road"/>
    <tag k="name:kn" v="ಲಾವೆಲ್ ರಸ್ತೆ"/>
    <tag k="official_name" v="Sri. M. L. Subbaraju Road"/>
    <tag k="sidewalk" v="both"/>
    <tag k="smoothness" v="excellent"/>
    <tag k="surface" v="asphalt"/>
  </way>
  <way id="112657837">
    <nd ref="10060517433"/>
    <nd ref="10060517431"/>
    <nd ref="1842803356"/>
    <nd ref="1842803351"/>
    <nd ref="12526376811"/>
    <nd ref="12526376813"/>
    <nd ref="9532858995"/>
    <nd ref="12118965742"/>
    <nd ref="248459829"/>
    <tag k="hazard" v="school_zone"/>
    <tag k="highway" v="tertiary"/>
    <tag k="lanes" v="2"/>
    <tag k="maxspeed" v="25"/>
    <tag k="name" v="Vittal Mallya Road"/>
    <tag k="name:etymology:wikidata" v="Q7937268"/>
    <tag k="name:kn" v="ಲಾವೆಲ್ ರಸ್ತೆ"/>
    <tag k="old_name" v="Grant Road"/>
    <tag k="oneway" v="no"/>
    <tag k="sidewalk" v="separate"/>
    <tag k="surface" v="asphalt"/>
  </way>
  <way id="135997372">
    <nd ref="1492519184"/>
    <nd ref="10038438802"/>
    <nd ref="9796269828"/>
    <nd ref="10060645488"/>
    <tag k="highway" v="residential"/>
  </way>
  <way id="142321163">
    <nd ref="1557700898"/>
    <nd ref="12119558723"/>
    <nd ref="11425338171"/>
    <nd ref="12558269349"/>
    <tag k="highway" v="residential"/>
  </way>
  <way id="142321526">
    <nd ref="1557709035"/>
    <nd ref="3384460249"/>
    <nd ref="3384460267"/>
    <nd ref="3384460242"/>
    <nd ref="3384460226"/>
    <nd ref="1557709046"/>
    <nd ref="3384460240"/>
    <nd ref="3384460263"/>
    <nd ref="10290842817"/>
    <tag k="access" v="permissive"/>
    <tag k="highway" v="service"/>
    <tag k="maxspeed" v="10"/>
    <tag k="oneway" v="no"/>
    <tag k="service" v="driveway"/>
  </way>
  <way id="142321527">
    <nd ref="1557709035"/>
    <nd ref="4960830670"/>
    <tag k="access" v="permissive"/>
    <tag k="highway" v="service"/>
    <tag k="service" v="driveway"/>
  </way>
  <way id="150785560">
    <nd ref="429303166"/>
    <nd ref="1636623340"/>
    <nd ref="1636623269"/>
    <nd ref="1636623247"/>
    <nd ref="1636623242"/>
    <tag k="highway" v="secondary_link"/>
    <tag k="oneway" v="yes"/>
    <tag k="surface" v="asphalt"/>
  </way>
  <way id="154340361">
    <nd ref="245615180"/>
    <nd ref="12759084951"/>
    <nd ref="12759084952"/>
    <nd ref="3943325840"/>
    <nd ref="11405428617"/>
    <nd ref="287793665"/>
    <nd ref="1611272361"/>
    <nd ref="663313897"/>
    <nd ref="428420786"/>
    <nd ref="7106320854"/>
    <nd ref="3943325826"/>
    <nd ref="6308519860"/>
    <nd ref="13447636730"/>
    <nd ref="9633893516"/>
    <nd ref="2760170981"/>
    <nd ref="2760171119"/>
    <nd ref="248459848"/>
    <tag k="highway" v="primary"/>
    <tag k="lanes" v="3"/>
    <tag k="name" v="Kasturba Road"/>
    <tag k="name:etymology:wikidata" v="Q264908"/>
    <tag k="name:kn" v="ಕಸ್ತೂರ್ಬಾ ರಸ್ತೆ"/>
    <tag k="old_name" v="Sidney Road"/>
    <tag k="oneway" v="yes"/>
    <tag k="sidewalk" v="separate"/>
    <tag k="smoothness" v="excellent"/>
    <tag k="surface" v="concrete"/>
  </way>
  <way id="173470557">
    <nd ref="1842803328"/>
    <nd ref="1842803327"/>
    <nd ref="12119558732"/>
    <nd ref="1842803325"/>
    <tag k="highway" v="residential"/>
    <tag k="lanes" v="2"/>
    <tag k="name" v="3rd Cross Road"/>
    <tag k="name:kn" v="೩ನೇ ಅಡ್ಡ ರಸ್ತೆ"/>
    <tag k="surface" v="concrete"/>
  </way>
  <way id="173470558">
    <nd ref="1842803356"/>
    <nd ref="12118965753"/>
    <nd ref="1842803341"/>
    <tag k="highway" v="residential"/>
  </way>
  <way id="173470559">
    <nd ref="1842803351"/>
    <nd ref="12118965754"/>
    <nd ref="1842803337"/>
    <tag k="highway" v="residential"/>
  </way>
  <way id="173470560">
    <nd ref="11425338159"/>
    <nd ref="11387002794"/>
    <nd ref="11387002792"/>
    <nd ref="459815985"/>
    <nd ref="1842803345"/>
    <nd ref="11386965264"/>
    <tag k="access" v="private"/>
    <tag k="highway" v="service"/>
  </way>
  <way id="208694344">
    <nd ref="9162183611"/>
    <nd ref="3730964447"/>
    <nd ref="3730964444"/>
    <nd ref="11182515098"/>
    <nd ref="3730964445"/>
    <nd ref="3730964451"/>
    <nd ref="3730964469"/>
    <nd ref="3730964474"/>
    <nd ref="3730964476"/>
    <nd ref="3730964478"/>
    <nd ref="3730964479"/>
    <nd ref="3730964480"/>
    <tag k="access" v="private"/>
    <tag k="cycleway" v="no"/>
    <tag k="highway" v="service"/>
  </way>
  <way id="208697530">
    <nd ref="12712758437"/>
    <nd ref="12712758438"/>
    <nd ref="3701772943"/>
    <nd ref="12669651433"/>
    <nd ref="11799154693"/>
    <nd ref="3701772948"/>
    <nd ref="3701772951"/>
    <nd ref="12712748526"/>
    <nd ref="3701772947"/>
    <nd ref="3701772945"/>
    <nd ref="3701772946"/>
    <nd ref="12712748525"/>
    <nd ref="3701772961"/>
    <nd ref="3701772964"/>
    <nd ref="3701772966"/>
    <tag k="highway" v="footway"/>
    <tag k="surface" v="ground"/>
  </way>
  <way id="208697538">
    <nd ref="13459537727"/>
    <nd ref="13459537728"/>
    <nd ref="11342975218"/>
    <nd ref="11425338205"/>
    <nd ref="11342975216"/>
    <nd ref="11425338209"/>
    <nd ref="11342975211"/>
    <nd ref="11342975215"/>
    <nd ref="11342975214"/>
    <nd ref="11342975213"/>
    <nd ref="11342975187"/>
    <nd ref="11342975186"/>
    <nd ref="11342975185"/>
    <nd ref="13459537704"/>
    <nd ref="13459537703"/>
    <nd ref="11342975184"/>
    <nd ref="11342975182"/>
    <nd ref="11342975181"/>
    <nd ref="11342928945"/>
    <nd ref="13459508983"/>
    <nd ref="11342975180"/>
    <nd ref="4960830624"/>
    <nd ref="11425338162"/>
    <nd ref="11425338163"/>
    <nd ref="12462450428"/>
    <nd ref="11425338164"/>
    <nd ref="11425338165"/>
    <nd ref="11425338166"/>
    <nd ref="12119649251"/>
    <nd ref="11425338167"/>
    <nd ref="11425338168"/>
    <nd ref="11425338169"/>
    <nd ref="11425338170"/>
    <nd ref="11425338171"/>
    <nd ref="11425338175"/>
    <nd ref="12462450434"/>
    <nd ref="11425338172"/>
    <tag k="footway" v="sidewalk"/>
    <tag k="highway" v="footway"/>
    <tag k="lit" v="yes"/>
    <tag k="smoothness" v="good"/>
    <tag k="surface" v="paving_stones"/>
  </way>
  <way id="208697543">
    <nd ref="11506245560"/>
    <nd ref="11506245561"/>
    <nd ref="11506245562"/>
    <nd ref="11506245563"/>
    <nd ref="12119649247"/>
    <nd ref="11425338159"/>
    <nd ref="11425338158"/>
    <nd ref="11425338157"/>
    <nd ref="12462450430"/>
    <nd ref="11425338154"/>
    <nd ref="11425338156"/>
    <nd ref="11425338152"/>
    <nd ref="11425338151"/>
    <nd ref="11425338145"/>
    <nd ref="11425338146"/>
    <nd ref="11425338147"/>
    <nd ref="11425338149"/>
    <nd ref="11425338150"/>
    <nd ref="11425324455"/>
    <tag k="footway" v="sidewalk"/>
    <tag k="highway" v="footway"/>
    <tag k="smoothness" v="good"/>
  </way>
  <way id="208701339">
    <nd ref="2189718307"/>
    <nd ref="12118965788"/>
    <nd ref="12118031591"/>
    <nd ref="2189718293"/>
    <nd ref="2189718256"/>
    <tag k="alt_name" v="7th Cross Road - Lavelle Road"/>
    <tag k="highway" v="residential"/>
    <tag k="lanes" v="2"/>
    <tag k="name" v="7th Cross Road"/>
    <tag k="name:kn" v="೭ನೇ ಅಡ್ಡ ರಸ್ತೆ"/>
    <tag k="smoothness" v="good"/>
    <tag k="surface" v="asphalt"/>
  </way>
  <way id="213087106">
    <nd ref="2228386495"/>
    <nd ref="12119558754"/>
    <nd ref="2228386492"/>
    <nd ref="2228386490"/>
    <tag k="access" v="private"/>
    <tag k="highway" v="service"/>
  </way>
  <way id="224618934">
    <nd ref="458263319"/>
    <nd ref="9999163271"/>
    <nd ref="11425338076"/>
    <nd ref="12135140778"/>
    <nd ref="4685633735"/>
    <nd ref="246167202"/>
    <nd ref="4685633734"/>
    <nd ref="9999163265"/>
    <nd ref="2600843684"/>
    <nd ref="10814598090"/>
    <nd ref="10814598091"/>
    <nd ref="11425338094"/>
    <nd ref="10561097170"/>
    <nd ref="246167203"/>
    <nd ref="12809352200"/>
    <nd ref="2577077220"/>
    <nd ref="459554786"/>
    <nd ref="287793969"/>
    <nd ref="459554651"/>
    <nd ref="10060571650"/>
    <nd ref="2577079354"/>
    <nd ref="5560544561"/>
    <nd ref="13644549682"/>
    <nd ref="9999163252"/>
    <nd ref="10060571783"/>
    <nd ref="287794001"/>
    <nd ref="428420790"/>
    <nd ref="249081347"/>
    <nd ref="10060571787"/>
    <nd ref="663313892"/>
    <tag k="alt_name" v="Raja Ram Mohan Roy Road"/>
    <tag k="highway" v="primary"/>
    <tag k="lit" v="yes"/>
    <tag k="name" v="Rajaram Mohan Roy Road"/>
    <tag k="name:etymology:wikidata" v="Q335269"/>
    <tag k="name:kn" v="ರಾಜರಾಮ್ ಮೋಹನ್ ರಾಯ್ ರಸ್ತೆ"/>
    <tag k="old_name" v="Tank Road"/>
    <tag k="oneway" v="yes"/>
    <tag k="sidewalk" v="separate"/>
    <tag k="smoothness" v="excellent"/>
    <tag k="surface" v="asphalt"/>
  </way>
  <way id="226972108">
    <nd ref="2357083159"/>
    <nd ref="11035791440"/>
    <nd ref="13711257120"/>
    <nd ref="12118023419"/>
    <nd ref="12118973703"/>
    <nd ref="663568619"/>
    <tag k="highway" v="residential"/>
    <tag k="parking:left" v="no"/>
    <tag k="parking:right" v="lane"/>
    <tag k="surface" v="asphalt"/>
  </way>
  <way id="251493080">
    <nd ref="10814598069"/>
    <nd ref="459554790"/>
    <tag k="highway" v="steps"/>
  </way>
  <way id="271062095">
    <nd ref="3741208354"/>
    <nd ref="3741208356"/>
    <nd ref="11298111558"/>
    <nd ref="11298111554"/>
    <nd ref="3741208371"/>
    <nd ref="2760171118"/>
    <nd ref="11732899885"/>
    <nd ref="2760170981"/>
    <tag k="access" v="private"/>
    <tag k="highway" v="service"/>
    <tag k="motor_vehicle" v="destination"/>
    <tag k="oneway" v="yes"/>
  </way>
  <way id="271062150">
    <nd ref="2760171119"/>
    <nd ref="11732899884"/>
    <nd ref="3741208372"/>
    <nd ref="3741208357"/>
    <nd ref="3741208355"/>
    <tag k="access" v="private"/>
    <tag k="highway" v="service"/>
    <tag k="motor_vehicle" v="destination"/>
    <tag k="oneway" v="yes"/>
    <tag k="sidewalk" v="no"/>
  </way>
  <way id="327535544">
    <nd ref="3343263988"/>
    <nd ref="13423159940"/>
    <nd ref="3343263987"/>
    <nd ref="3343263985"/>
    <nd ref="10298313285"/>
    <nd ref="3343263986"/>
    <nd ref="3343265807"/>
    <nd ref="3343265811"/>
    <nd ref="3343265813"/>
    <nd ref="3343265814"/>
    <nd ref="3343265815"/>
    <nd ref="12185553766"/>
    <nd ref="3343265809"/>
    <nd ref="13423159926"/>
    <nd ref="3343265799"/>
    <nd ref="12185553765"/>
    <nd ref="3343263991"/>
    <nd ref="12185553764"/>
    <nd ref="3343263988"/>
    <tag k="access" v="private"/>
    <tag k="highway" v="service"/>
  </way>
  <way id="327551786">
    <nd ref="3343549647"/>
    <nd ref="3343549652"/>
    <tag k="access" v="permissive"/>
    <tag k="highway" v="service"/>
  </way>
  <way id="327551787">
    <nd ref="3343549653"/>
    <nd ref="13459508957"/>
    <nd ref="11342975199"/>
    <nd ref="3343549654"/>
    <nd ref="10978670218"/>
    <nd ref="3343549656"/>
    <nd ref="10038561284"/>
    <nd ref="10038561286"/>
    <nd ref="3343549651"/>
    <nd ref="3343549650"/>
    <tag k="access" v="permissive"/>
    <tag k="highway" v="service"/>
  </way>
  <way id="327551789">
    <nd ref="3343549645"/>
    <nd ref="13459508951"/>
    <nd ref="11342975195"/>
    <nd ref="3343549646"/>
    <nd ref="3343549647"/>
    <nd ref="3343549648"/>
    <nd ref="12433045759"/>
    <nd ref="663941125"/>
    <tag k="access" v="permissive"/>
    <tag k="highway" v="service"/>
  </way>
  <way id="327551790">
    <nd ref="12154652308"/>
    <nd ref="3343549796"/>
    <nd ref="13459508929"/>
    <nd ref="3343549680"/>
    <nd ref="13459508962"/>
    <nd ref="3343549679"/>
    <tag k="highway" v="service"/>
    <tag k="surface" v="asphalt"/>
  </way>
  <way id="328350806">
    <nd ref="3351726128"/>
    <nd ref="10038438811"/>
    <nd ref="3351726129"/>
    <nd ref="3351726130"/>
    <tag k="access" v="permissive"/>
    <tag k="highway" v="service"/>
  </way>
  <way id="331184053">
    <nd ref="3382418954"/>
    <nd ref="3382418895"/>
    <nd ref="11386965262"/>
    <nd ref="11386965263"/>
    <nd ref="12119558730"/>
    <nd ref="3382418783"/>
    <tag k="access" v="private"/>
    <tag k="highway" v="service"/>
  </way>
  <way id="331384308">
    <nd ref="4960830623"/>
    <nd ref="11425338167"/>
    <nd ref="10290842824"/>
    <nd ref="4960830649"/>
    <nd ref="4960830675"/>
    <nd ref="1232939435"/>
    <nd ref="3681719432"/>
    <nd ref="6573902917"/>
    <nd ref="1557709035"/>
    <tag k="access" v="permissive"/>
    <tag k="highway" v="service"/>
    <tag k="maxspeed" v="10"/>
    <tag k="service" v="driveway"/>
  </way>
  <way id="332394783">
    <nd ref="3395155239"/>
    <nd ref="3395155055"/>
    <tag k="access" v="private"/>
    <tag k="highway" v="living_street"/>
  </way>
  <way id="337781310">
    <nd ref="663599766"/>
    <nd ref="3448365057"/>
    <nd ref="3448365059"/>
    <nd ref="3448365060"/>
    <nd ref="3448365061"/>
    <tag k="highway" v="footway"/>
  </way>
  <way id="366192433">
    <nd ref="9540035616"/>
    <nd ref="9540143817"/>
    <nd ref="9540143818"/>
    <nd ref="11799154686"/>
    <nd ref="3701772956"/>
    <nd ref="3701772953"/>
    <nd ref="11799154692"/>
    <nd ref="3701772951"/>
    <tag k="highway" v="footway"/>
  </way>
  <way id="370418978">
    <nd ref="3741208370"/>
    <nd ref="3741208369"/>
    <tag k="highway" v="steps"/>
  </way>
  <way id="370418979">
    <nd ref="3741208371"/>
    <nd ref="3741208370"/>
    <tag k="highway" v="footway"/>
  </way>
  <way id="391160974">
    <nd ref="4058224827"/>
    <nd ref="3943327569"/>
    <nd ref="3943327571"/>
    <nd ref="3943327573"/>
    <tag k="highway" v="secondary_link"/>
    <tag k="oneway" v="yes"/>
    <tag k="sidewalk" v="separate"/>
    <tag k="surface" v="asphalt"/>
  </way>
  <way id="391160978">
    <nd ref="3943327577"/>
    <nd ref="3943327575"/>
    <nd ref="3943327576"/>
    <nd ref="4058224866"/>
    <nd ref="3943327578"/>
    <tag k="highway" v="secondary_link"/>
    <tag k="oneway" v="yes"/>
    <tag k="surface" v="asphalt"/>
  </way>
  <way id="391160989">
    <nd ref="4058224495"/>
    <nd ref="13459508937"/>
    <nd ref="12462431261"/>
    <nd ref="4058224494"/>
    <nd ref="12462431262"/>
    <nd ref="12462431287"/>
    <nd ref="4058224860"/>
    <nd ref="4058224845"/>
    <nd ref="4058224835"/>
    <nd ref="11342975170"/>
    <nd ref="12712748538"/>
    <nd ref="12672290808"/>
    <nd ref="13447636734"/>
    <nd ref="6308519855"/>
    <nd ref="3943327557"/>
    <nd ref="3943325855"/>
    <nd ref="13450602812"/>
    <nd ref="3943325853"/>
    <tag k="footway" v="sidewalk"/>
    <tag k="highway" v="footway"/>
    <tag k="smoothness" v="good"/>
    <tag k="surface" v="paving_stones"/>
  </way>
  <way id="395716924">
    <nd ref="1842803332"/>
    <nd ref="3382418897"/>
    <nd ref="1842803327"/>
    <tag k="highway" v="residential"/>
  </way>
  <way id="399001081">
    <nd ref="456209067"/>
    <nd ref="12190248472"/>
    <nd ref="663309953"/>
    <nd ref="663309920"/>
    <nd ref="249088221"/>
    <tag k="access" v="permissive"/>
    <tag k="bicycle" v="yes"/>
    <tag k="cycleway" v="no"/>
    <tag k="foot" v="yes"/>
    <tag k="highway" v="unclassified"/>
    <tag k="lanes" v="2"/>
    <tag k="motor_vehicle:conditional" v="yes @ (Mo-Sa 08:00-21:00)"/>
    <tag k="note" v="Vehicular Traffic Allowed only between - 8AM to 9PM from Monday to Saturday. Sunday Vehicles not permitted."/>
    <tag k="oneway" v="yes"/>
  </way>
  <way id="399001083">
    <nd ref="3307263061"/>
    <nd ref="663321359"/>
    <nd ref="9161059613"/>
    <nd ref="3730964440"/>
    <nd ref="11387937887"/>
    <nd ref="286964496"/>
    <tag k="access" v="permissive"/>
    <tag k="bicycle" v="no"/>
    <tag k="bicycle:conditional" v="yes @ (Mo-Su 08:00-21:00)"/>
    <tag k="cycleway" v="no"/>
    <tag k="foot" v="yes"/>
    <tag k="highway" v="unclassified"/>
    <tag k="lanes" v="2"/>
    <tag k="motor_vehicle:conditional" v="yes @ (Mo-Sa 08:00-21:00)"/>
    <tag k="note" v="Vehicular Traffic Allowed only between - 8AM to 9PM from Monday to Saturday. Sunday Vehicles not permitted."/>
    <tag k="oneway" v="yes"/>
    <tag k="surface" v="asphalt"/>
  </way>
  <way id="401390111">
    <nd ref="4038254327"/>
    <nd ref="3741208357"/>
    <nd ref="3741208356"/>
    <nd ref="10185487525"/>
    <nd ref="3741208348"/>
    <nd ref="3741208349"/>
    <tag k="access" v="private"/>
    <tag k="highway" v="service"/>
    <tag k="motor_vehicle" v="destination"/>
  </way>
  <way id="401390112">
    <nd ref="3741208338"/>
    <nd ref="3741208342"/>
    <nd ref="3741208344"/>
    <nd ref="10185487524"/>
    <nd ref="3741208354"/>
    <tag k="access" v="private"/>
    <tag k="highway" v="service"/>
    <tag k="motor_vehicle" v="destination"/>
  </way>
  <way id="401390113">
    <nd ref="4038254322"/>
    <nd ref="12433045755"/>
    <nd ref="4038254324"/>
    <nd ref="4038254325"/>
    <nd ref="4038254326"/>
    <nd ref="4038254327"/>
    <nd ref="4038254328"/>
    <nd ref="12433045756"/>
    <nd ref="4038254329"/>
    <nd ref="4038254330"/>
    <tag k="access" v="private"/>
    <tag k="foot" v="private"/>
    <tag k="highway" v="service"/>
  </way>
  <way id="403473951">
    <nd ref="4058224848"/>
    <nd ref="1636623269"/>
    <nd ref="13459508971"/>
    <tag k="crossing:markings" v="zebra"/>
    <tag k="footway" v="crossing"/>
    <tag k="highway" v="footway"/>
  </way>
  <way id="403473952">
    <nd ref="4058224805"/>
    <nd ref="4058224799"/>
    <tag k="highway" v="secondary"/>
    <tag k="name" v="Kasturba Road"/>
    <tag k="name:kn" v="ಕಸ್ತೂರ್ಬಾ ರಸ್ತೆ"/>
    <tag k="oneway" v="yes"/>
    <tag k="sidewalk" v="separate"/>
    <tag k="surface" v="asphalt"/>
  </way>
  <way id="403473957">
    <nd ref="4058224813"/>
    <nd ref="4058224812"/>
    <nd ref="12119649244"/>
    <nd ref="4058224810"/>
    <nd ref="4058224801"/>
    <nd ref="4058224799"/>
    <tag k="highway" v="secondary_link"/>
    <tag k="old_name" v="Grant Road"/>
    <tag k="oneway" v="yes"/>
    <tag k="sidewalk" v="separate"/>
  </way>
  <way id="461556535">
    <nd ref="2189688559"/>
    <nd ref="9870882738"/>
    <nd ref="10060658437"/>
    <nd ref="248455465"/>
    <nd ref="11496183622"/>
    <nd ref="11496183647"/>
    <nd ref="11496183627"/>
    <nd ref="10060658423"/>
    <nd ref="3677894560"/>
    <nd ref="3677894561"/>
    <nd ref="7146599766"/>
    <nd ref="10864047669"/>
    <nd ref="12462434289"/>
    <nd ref="10864047665"/>
    <nd ref="248455468"/>
    <nd ref="10060658418"/>
    <nd ref="12462434285"/>
    <nd ref="11102370589"/>
    <nd ref="60952264"/>
    <nd ref="11102370593"/>
    <nd ref="3356628891"/>
    <nd ref="3355748728"/>
    <nd ref="10020522735"/>
    <nd ref="12120691272"/>
    <nd ref="6584009908"/>
    <nd ref="60952254"/>
    <tag k="hazard" v="school_zone"/>
    <tag k="highway" v="primary"/>
    <tag k="lanes" v="4"/>
    <tag k="maxspeed" v="25"/>
    <tag k="maxspeed:type" v="sign"/>
    <tag k="name" v="Residency Road"/>
    <tag k="name:kn" v="ರೆಸಿಡೆನ್ಸಿ ರಸ್ತೆ"/>
    <tag k="official_name" v="Field Marshal Cariappa Road"/>
    <tag k="official_name:etymology:wikidata" v="Q3630913"/>
    <tag k="official_name:kn" v="ಕಾರಿಯಪ್ಪ ರಸ್ತೆ"/>
    <tag k="old_name" v="Residency Road"/>
    <tag k="oneway" v="yes"/>
    <tag k="short_name" v="F M Cariappa Road"/>
    <tag k="sidewalk" v="separate"/>
    <tag k="smoothness" v="excellent"/>
    <tag k="surface" v="asphalt"/>
    <tag k="turn:lanes" v="left|through|through|through|"/>
  </way>
  <way id="486815239">
    <nd ref="4793645539"/>
    <nd ref="4793645540"/>
    <nd ref="4793645541"/>
    <nd ref="4793645542"/>
    <nd ref="4793645543"/>
    <nd ref="4793645544"/>
    <nd ref="11133510087"/>
    <nd ref="4793645545"/>
    <nd ref="4793645546"/>
    <nd ref="4793645547"/>
    <nd ref="4793645548"/>
    <nd ref="4793645549"/>
    <nd ref="4793645550"/>
    <nd ref="4793645551"/>
    <nd ref="4793645552"/>
    <nd ref="4793645553"/>
    <nd ref="4793645554"/>
    <nd ref="4793645555"/>
    <nd ref="4793645556"/>
    <nd ref="4793645557"/>
    <nd ref="4793645558"/>
    <nd ref="4793645559"/>
    <nd ref="4793645560"/>
    <nd ref="4793645561"/>
    <nd ref="4793645562"/>
    <nd ref="4793645563"/>
    <nd ref="4793645564"/>
    <nd ref="4793645565"/>
    <nd ref="4793645566"/>
    <nd ref="4793645539"/>
    <tag k="highway" v="footway"/>
  </way>
  <way id="506310559">
    <nd ref="11078621095"/>
    <nd ref="4960830670"/>
    <nd ref="4960830682"/>
    <nd ref="4960830688"/>
    <tag k="access" v="permissive"/>
    <tag k="highway" v="service"/>
    <tag k="oneway" v="no"/>
    <tag k="service" v="driveway"/>
  </way>
  <way id="506310566">
    <nd ref="4960830677"/>
    <nd ref="4960830673"/>
    <nd ref="11078621095"/>
    <tag k="access" v="permissive"/>
    <tag k="highway" v="service"/>
    <tag k="oneway" v="no"/>
    <tag k="service" v="driveway"/>
  </way>
  <way id="506310568">
    <nd ref="10060517398"/>
    <nd ref="12558269344"/>
    <nd ref="11425338162"/>
    <nd ref="4960826810"/>
    <nd ref="13821904895"/>
    <nd ref="4960830676"/>
    <nd ref="4960830624"/>
    <nd ref="4960826818"/>
    <tag k="access" v="private"/>
    <tag k="highway" v="service"/>
    <tag k="oneway" v="yes"/>
  </way>
  <way id="506310569">
    <nd ref="4960830688"/>
    <nd ref="11524819543"/>
    <nd ref="11524819542"/>
    <nd ref="4960830677"/>
    <tag k="access" v="permissive"/>
    <tag k="bridge" v="viaduct"/>
    <tag k="highway" v="service"/>
    <tag k="layer" v="1"/>
    <tag k="oneway" v="no"/>
    <tag k="service" v="driveway"/>
  </way>
  <way id="508197004">
    <nd ref="12190248444"/>
    <nd ref="9162183608"/>
    <nd ref="456209067"/>
    <tag k="access" v="permissive"/>
    <tag k="bicycle" v="yes"/>
    <tag k="cycleway" v="no"/>
    <tag k="foot" v="yes"/>
    <tag k="highway" v="unclassified"/>
    <tag k="lanes" v="2"/>
    <tag k="maxspeed" v="25"/>
    <tag k="motor_vehicle:conditional" v="yes @ (Mo-Sa 08:00-21:00)"/>
    <tag k="note" v="Vehicular Traffic Allowed only between - 8AM to 9PM from Monday to Saturday. Sunday Vehicles not permitted."/>
    <tag k="oneway" v="yes"/>
    <tag k="sidewalk" v="both"/>
    <tag k="sidewalk:both:kerb" v="raised"/>
    <tag k="smoothness" v="good"/>
    <tag k="surface" v="asphalt"/>
  </way>
  <way id="508197007">
    <nd ref="677286832"/>
    <nd ref="10839554329"/>
    <nd ref="1592805778"/>
    <nd ref="663599771"/>
    <nd ref="3943327579"/>
    <nd ref="4058224494"/>
    <nd ref="3943327577"/>
    <tag k="access" v="permissive"/>
    <tag k="bicycle" v="no"/>
    <tag k="bicycle:conditional" v="yes @ (Mo-Su 08:00-21:00)"/>
    <tag k="cycleway" v="no"/>
    <tag k="foot" v="yes"/>
    <tag k="highway" v="unclassified"/>
    <tag k="maxspeed" v="25"/>
    <tag k="motor_vehicle:conditional" v="yes @ (Mo-Sa 08:00-21:00)"/>
    <tag k="note" v="Vehicular Traffic Allowed only between - 8AM to 9PM from Monday to Saturday. Sunday Vehicles not permitted."/>
    <tag k="oneway" v="yes"/>
    <tag k="sidewalk" v="both"/>
    <tag k="sidewalk:both:kerb" v="raised"/>
    <tag k="surface" v="asphalt"/>
  </way>
  <way id="553253479">
    <nd ref="5340711535"/>
    <nd ref="4960826818"/>
    <tag k="bicycle" v="yes"/>
    <tag k="foot" v="designated"/>
    <tag k="highway" v="tertiary"/>
    <tag k="name" v="Vittal Mallya Road"/>
    <tag k="name:etymology:wikidata" v="Q7937268"/>
    <tag k="name:kn" v="ಲಾವೆಲ್ ರಸ್ತೆ"/>
    <tag k="old_name" v="Grant Road"/>
    <tag k="oneway" v="yes"/>
    <tag k="surface" v="concrete"/>
  </way>
  <way id="553253480">
    <nd ref="4058224852"/>
    <nd ref="12718254341"/>
    <nd ref="10783592397"/>
    <nd ref="1636623242"/>
    <tag k="bicycle" v="yes"/>
    <tag k="foot" v="designated"/>
    <tag k="highway" v="tertiary"/>
    <tag k="name" v="Vittal Mallya Road"/>
    <tag k="name:etymology:wikidata" v="Q7937268"/>
    <tag k="name:kn" v="ವಿಠ್ಠಲ ಮಲ್ಯ ರಸ್ತೆ"/>
    <tag k="old_name" v="Grant Road"/>
    <tag k="oneway" v="yes"/>
    <tag k="surface" v="concrete"/>
  </way>
  <way id="557009789">
    <nd ref="3741208355"/>
    <nd ref="12433045752"/>
    <nd ref="4038254326"/>
    <tag k="highway" v="service"/>
    <tag k="motor_vehicle" v="destination"/>
  </way>
  <way id="557009790">
    <nd ref="3741208354"/>
    <nd ref="3741208355"/>
    <tag k="access" v="permissive"/>
    <tag k="highway" v="service"/>
  </way>
  <way id="661659065">
    <nd ref="6194329277"/>
    <nd ref="6194329274"/>
    <tag k="access" v="private"/>
    <tag k="highway" v="service"/>
  </way>
  <way id="661659066">
    <nd ref="10595455532"/>
    <nd ref="11506245562"/>
    <nd ref="11330446014"/>
    <nd ref="6194329274"/>
    <nd ref="6194329279"/>
    <nd ref="6194329278"/>
    <nd ref="6194329277"/>
    <nd ref="6194329276"/>
    <nd ref="11330446013"/>
    <nd ref="11506245563"/>
    <nd ref="10595455530"/>
    <tag k="access" v="private"/>
    <tag k="highway" v="service"/>
  </way>
  <way id="685243263">
    <nd ref="6421092662"/>
    <nd ref="12462447306"/>
    <nd ref="11496183620"/>
    <nd ref="6421092663"/>
    <nd ref="10060658427"/>
    <nd ref="6421092665"/>
    <nd ref="6421092666"/>
    <nd ref="10864047694"/>
    <nd ref="10864047693"/>
    <nd ref="10864047666"/>
    <nd ref="12462434290"/>
    <nd ref="6421092669"/>
    <tag k="bicycle" v="designated"/>
    <tag k="cycleway:width" v="1.5"/>
    <tag k="foot" v="designated"/>
    <tag k="highway" v="cycleway"/>
    <tag k="name" v="Field Marshall Cariappa Cycle Path"/>
    <tag k="name:etymology:wikidata" v="Q3630913"/>
    <tag k="oneway:bicycle" v="yes"/>
    <tag k="segregated" v="yes"/>
    <tag k="smoothness" v="excellent"/>
    <tag k="surface" v="paving_stones"/>
  </way>
  <way id="691346387">
    <nd ref="6487182240"/>
    <nd ref="6487182239"/>
    <tag k="handrail" v="yes"/>
    <tag k="highway" v="steps"/>
    <tag k="incline" v="down"/>
    <tag k="ramp" v="no"/>
  </way>
  <way id="691346389">
    <nd ref="6487182241"/>
    <nd ref="6487182240"/>
    <tag k="bridge" v="yes"/>
    <tag k="highway" v="footway"/>
    <tag k="layer" v="1"/>
  </way>
  <way id="694929059">
    <nd ref="11496183617"/>
    <nd ref="6527314786"/>
    <nd ref="9633893506"/>
    <nd ref="6527314787"/>
    <nd ref="11088682663"/>
    <nd ref="12462434283"/>
    <nd ref="13061524948"/>
    <nd ref="11496183608"/>
    <nd ref="6527314788"/>
    <nd ref="7157889190"/>
    <nd ref="6527314789"/>
    <nd ref="6527314790"/>
    <tag k="footway" v="sidewalk"/>
    <tag k="highway" v="footway"/>
    <tag k="segregated" v="yes"/>
    <tag k="surface" v="paving_stones"/>
  </way>
  <way id="700036810">
    <nd ref="1557709046"/>
    <nd ref="6573902928"/>
    <nd ref="6573902927"/>
    <nd ref="6573902926"/>
    <nd ref="6573902925"/>
    <nd ref="6573902924"/>
    <nd ref="6573902923"/>
    <nd ref="6573902922"/>
    <nd ref="6573902921"/>
    <nd ref="6573902920"/>
    <nd ref="6573902919"/>
    <nd ref="6573902918"/>
    <nd ref="6573902917"/>
    <tag k="access" v="permissive"/>
    <tag k="highway" v="service"/>
    <tag k="service" v="driveway"/>
  </way>
  <way id="719115635">
    <nd ref="6751891697"/>
    <nd ref="14103099681"/>
    <nd ref="6751891691"/>
    <nd ref="14103099718"/>
    <nd ref="14103099717"/>
    <nd ref="14103099691"/>
    <tag k="access" v="private"/>
    <tag k="highway" v="service"/>
  </way>
  <way id="719115636">
    <nd ref="6751891696"/>
    <nd ref="6751891692"/>
    <tag k="access" v="private"/>
    <tag k="highway" v="service"/>
  </way>
  <way id="719115637">
    <nd ref="6751891701"/>
    <nd ref="10295411729"/>
    <nd ref="12433045709"/>
    <nd ref="14103099679"/>
    <nd ref="14103099668"/>
    <nd ref="12433045718"/>
    <nd ref="14103099676"/>
    <nd ref="12433045716"/>
    <nd ref="14103099675"/>
    <nd ref="3343340243"/>
    <nd ref="6751891700"/>
    <nd ref="14103099623"/>
    <nd ref="10086861519"/>
    <nd ref="6751891692"/>
    <tag k="access" v="private"/>
    <tag k="highway" v="service"/>
  </way>
  <way id="720099000">
    <nd ref="5340711531"/>
    <nd ref="6758586392"/>
    <nd ref="6758586386"/>
    <nd ref="6758586388"/>
    <nd ref="10038442435"/>
    <nd ref="10038438810"/>
    <nd ref="3395155270"/>
    <tag k="highway" v="residential"/>
    <tag k="lane_markings" v="no"/>
    <tag k="name" v="6th Cross Road"/>
    <tag k="name:kn" v="೬ನೇ ಅಡ್ಡ ರಸ್ತೆ"/>
    <tag k="smoothness" v="excellent"/>
    <tag k="surface" v="asphalt"/>
  </way>
  <way id="720107779">
    <nd ref="6758660948"/>
    <nd ref="13459508960"/>
    <nd ref="11819678539"/>
    <nd ref="13459508931"/>
    <nd ref="11021717289"/>
    <nd ref="6758660947"/>
    <nd ref="6758660946"/>
    <tag k="access" v="private"/>
    <tag k="highway" v="service"/>
  </way>
  <way id="725426825">
    <nd ref="4960830677"/>
    <nd ref="6802632658"/>
    <nd ref="6802632657"/>
    <nd ref="6802632656"/>
    <tag k="access" v="permissive"/>
    <tag k="highway" v="service"/>
    <tag k="motor_vehicle" v="no"/>
  </way>
  <way id="732820184">
    <nd ref="4960830673"/>
    <nd ref="9586147491"/>
    <nd ref="6862122441"/>
    <nd ref="12119649256"/>
    <nd ref="10290842824"/>
    <tag k="access" v="permissive"/>
    <tag k="highway" v="service"/>
    <tag k="oneway" v="yes"/>
    <tag k="service" v="driveway"/>
  </way>
  <way id="760700376">
    <nd ref="248459848"/>
    <nd ref="428420880"/>
    <nd ref="3943327566"/>
    <nd ref="428420881"/>
    <nd ref="10060517368"/>
    <nd ref="248459849"/>
    <tag k="highway" v="primary"/>
    <tag k="name" v="Kasturba Road"/>
    <tag k="name:etymology:wikidata" v="Q264908"/>
    <tag k="name:kn" v="ಕಸ್ತೂರ್ಬಾ ರಸ್ತೆ"/>
    <tag k="old_name" v="Sidney Road"/>
    <tag k="oneway" v="yes"/>
    <tag k="sidewalk" v="separate"/>
    <tag k="surface" v="asphalt"/>
  </way>
  <way id="835026121">
    <nd ref="7794488272"/>
    <nd ref="11425338206"/>
    <nd ref="11425338208"/>
    <nd ref="7794488273"/>
    <tag k="bridge" v="yes"/>
    <tag k="highway" v="footway"/>
    <tag k="layer" v="1"/>
    <tag k="lit" v="yes"/>
    <tag k="surface" v="metal"/>
  </way>
  <way id="835026122">
    <nd ref="11342975210"/>
    <nd ref="11425338206"/>
    <tag k="handrail" v="yes"/>
    <tag k="highway" v="steps"/>
    <tag k="incline" v="up"/>
    <tag k="ramp" v="no"/>
    <tag k="surface" v="metal"/>
  </way>
  <way id="835026123">
    <nd ref="11425338208"/>
    <nd ref="11342975212"/>
    <tag k="handrail" v="yes"/>
    <tag k="highway" v="steps"/>
    <tag k="incline" v="down"/>
    <tag k="ramp" v="no"/>
    <tag k="surface" v="metal"/>
  </way>
  <way id="984660863">
    <nd ref="9103464455"/>
    <nd ref="2189657381"/>
    <tag k="highway" v="footway"/>
  </way>
  <way id="991661065">
    <nd ref="3730964471"/>
    <nd ref="9162183610"/>
    <nd ref="9162183609"/>
    <nd ref="12190248473"/>
    <tag k="highway" v="footway"/>
  </way>
  <way id="991661066">
    <nd ref="9162246232"/>
    <nd ref="9162246231"/>
    <nd ref="9162246230"/>
    <nd ref="9162246229"/>
    <nd ref="9162246228"/>
    <nd ref="9162246227"/>
    <nd ref="9162246226"/>
    <tag k="highway" v="footway"/>
  </way>
  <way id="995213651">
    <nd ref="10197618935"/>
    <nd ref="11387005526"/>
    <nd ref="11387005525"/>
    <nd ref="459815968"/>
    <nd ref="9190068646"/>
    <nd ref="10038438799"/>
    <nd ref="9190068647"/>
    <tag k="access" v="permissive"/>
    <tag k="highway" v="service"/>
    <tag k="service" v="driveway"/>
    <tag k="source" v="maxar"/>
  </way>
  <way id="995213652">
    <nd ref="10086861543"/>
    <nd ref="9190068648"/>
    <nd ref="10988894194"/>
    <nd ref="12119558735"/>
    <nd ref="459815975"/>
    <tag k="access" v="private"/>
    <tag k="highway" v="service"/>
    <tag k="source" v="maxar"/>
  </way>
  <way id="1014610224">
    <nd ref="9360725222"/>
    <nd ref="12118965793"/>
    <nd ref="11384980820"/>
    <nd ref="11384980804"/>
    <nd ref="11384980800"/>
    <nd ref="11384980802"/>
    <nd ref="11384980803"/>
    <nd ref="9360725223"/>
    <nd ref="11384980801"/>
    <nd ref="11384980798"/>
    <tag k="access" v="private"/>
    <tag k="highway" v="service"/>
  </way>
  <way id="1034857470">
    <nd ref="248459830"/>
    <nd ref="9835980915"/>
    <nd ref="9532858992"/>
    <tag k="access" v="permissive"/>
    <tag k="highway" v="service"/>
    <tag k="service" v="driveway"/>
  </way>
  <way id="1034857471">
    <nd ref="13310352823"/>
    <nd ref="10038438800"/>
    <nd ref="11383288076"/>
    <nd ref="13310352825"/>
    <nd ref="13310352826"/>
    <nd ref="9532858996"/>
    <nd ref="13310352824"/>
    <nd ref="13310352827"/>
    <nd ref="9532858995"/>
    <tag k="access" v="private"/>
    <tag k="highway" v="service"/>
    <tag k="oneway" v="yes"/>
  </way>
  <way id="1066870623">
    <nd ref="1067781033"/>
    <nd ref="9826932055"/>
    <nd ref="10060658440"/>
    <nd ref="1548748196"/>
    <nd ref="11496183648"/>
    <nd ref="10168918040"/>
    <nd ref="11496183647"/>
    <tag k="highway" v="tertiary"/>
    <tag k="lanes" v="2"/>
    <tag k="lit" v="yes"/>
    <tag k="name" v="Hayes Road"/>
    <tag k="name:kn" v="ಹೋಸ್ ರಸ್ತೆ"/>
    <tag k="oneway" v="yes"/>
    <tag k="sidewalk" v="separate"/>
    <tag k="surface" v="asphalt"/>
    <tag k="turn:lanes" v="right|right"/>
  </way>
  <way id="1066870636">
    <nd ref="9796269827"/>
    <nd ref="9796269823"/>
    <nd ref="9796269822"/>
    <tag k="highway" v="footway"/>
  </way>
  <way id="1066870637">
    <nd ref="9796269825"/>
    <nd ref="9796269824"/>
    <tag k="highway" v="footway"/>
  </way>
  <way id="1066870638">
    <nd ref="9796269828"/>
    <nd ref="9796269829"/>
    <nd ref="9796269827"/>
    <nd ref="9796269825"/>
    <nd ref="9796269826"/>
    <tag k="access" v="permissive"/>
    <tag k="highway" v="service"/>
    <tag k="service" v="driveway"/>
  </way>
  <way id="1066895467">
    <nd ref="459820519"/>
    <nd ref="12119649279"/>
    <nd ref="12118031590"/>
    <nd ref="2189718256"/>
    <nd ref="11383248303"/>
    <nd ref="663568615"/>
    <nd ref="10290817605"/>
    <nd ref="10290817602"/>
    <nd ref="459820520"/>
    <nd ref="10279647095"/>
    <nd ref="10015163286"/>
    <nd ref="459820522"/>
    <nd ref="10753340371"/>
    <nd ref="11342975221"/>
    <nd ref="663573138"/>
    <tag k="highway" v="residential"/>
    <tag k="lanes" v="2"/>
    <tag k="name" v="Kasturba Cross Road"/>
    <tag k="name:kn" v="ಕಸ್ತೂರ್ಬಾ ಅಡ್ಡ ರಸ್ತೆ"/>
    <tag k="sidewalk" v="both"/>
    <tag k="surface" v="asphalt"/>
  </way>
  <way id="1093504017">
    <nd ref="10015163279"/>
    <nd ref="11425338197"/>
    <nd ref="10015163278"/>
    <nd ref="10015163277"/>
    <tag k="highway" v="service"/>
  </way>
  <way id="1093616892">
    <nd ref="459820527"/>
    <nd ref="14103099605"/>
    <nd ref="14103099616"/>
    <nd ref="2189718324"/>
    <nd ref="10295411742"/>
    <nd ref="459820524"/>
    <nd ref="12121490934"/>
    <nd ref="13423146078"/>
    <nd ref="2189718345"/>
    <nd ref="13423146080"/>
    <nd ref="6834406259"/>
    <tag k="footway" v="sidewalk"/>
    <tag k="highway" v="footway"/>
    <tag k="surface" v="paving_stones"/>
  </way>
  <way id="1096172761">
    <nd ref="4381063047"/>
    <nd ref="12462400280"/>
    <nd ref="10060571631"/>
    <nd ref="10120806055"/>
    <nd ref="10038438794"/>
    <nd ref="10038438795"/>
    <nd ref="10038438796"/>
    <nd ref="11496183623"/>
    <nd ref="11496183624"/>
    <nd ref="11496183625"/>
    <nd ref="11496183626"/>
    <nd ref="10038438797"/>
    <nd ref="10060658439"/>
    <nd ref="11298111556"/>
    <nd ref="10038438798"/>
    <nd ref="11496183629"/>
    <nd ref="10038438799"/>
    <nd ref="10086861522"/>
    <nd ref="10060658417"/>
    <nd ref="13310352822"/>
    <nd ref="10038438800"/>
    <nd ref="12846334634"/>
    <nd ref="12118965743"/>
    <tag k="bicycle" v="no"/>
    <tag k="footway" v="sidewalk"/>
    <tag k="highway" v="footway"/>
    <tag k="kerb" v="raised"/>
    <tag k="smoothness" v="good"/>
    <tag k="surface" v="paving_stones"/>
  </way>
  <way id="1096187529">
    <nd ref="10038561229"/>
    <nd ref="13459537706"/>
    <nd ref="11342975213"/>
    <nd ref="13459508979"/>
    <nd ref="10038561234"/>
    <nd ref="10038561230"/>
    <tag k="access" v="permissive"/>
    <tag k="highway" v="service"/>
    <tag k="service" v="driveway"/>
  </way>
  <way id="1096187530">
    <nd ref="10038561231"/>
    <nd ref="13459537711"/>
    <nd ref="11342975214"/>
    <nd ref="13459508978"/>
    <nd ref="10038561232"/>
    <nd ref="10038561233"/>
    <tag k="access" v="permissive"/>
    <tag k="highway" v="service"/>
    <tag k="service" v="driveway"/>
  </way>
  <way id="1096187531">
    <nd ref="10038561234"/>
    <nd ref="10038561232"/>
    <tag k="access" v="permissive"/>
    <tag k="highway" v="service"/>
    <tag k="service" v="driveway"/>
  </way>
  <way id="1096187532">
    <nd ref="13763658366"/>
    <nd ref="13459537714"/>
    <nd ref="11342975216"/>
    <nd ref="11124342671"/>
    <nd ref="10038561236"/>
    <tag k="access" v="private"/>
    <tag k="highway" v="service"/>
  </way>
  <way id="1096187533">
    <nd ref="13763658367"/>
    <nd ref="13459537715"/>
    <nd ref="11425338205"/>
    <nd ref="11124342670"/>
    <nd ref="10038561238"/>
    <tag k="access" v="private"/>
    <tag k="highway" v="service"/>
  </way>
  <way id="1096187534">
    <nd ref="10038561236"/>
    <nd ref="12433045757"/>
    <nd ref="10038561239"/>
    <nd ref="10038561240"/>
    <tag k="access" v="private"/>
    <tag k="highway" v="service"/>
  </way>
  <way id="1096187535">
    <nd ref="10038561236"/>
    <nd ref="10038561238"/>
    <nd ref="10197618936"/>
    <tag k="access" v="private"/>
    <tag k="highway" v="service"/>
  </way>
  <way id="1096187536">
    <nd ref="459820518"/>
    <nd ref="10038561242"/>
    <nd ref="10038561243"/>
    <tag k="highway" v="living_street"/>
  </way>
  <way id="1096187546">
    <nd ref="11342975198"/>
    <nd ref="13459508932"/>
    <nd ref="10038561280"/>
    <nd ref="10038561281"/>
    <nd ref="10038561284"/>
    <tag k="highway" v="footway"/>
  </way>
  <way id="1096187547">
    <nd ref="10038561280"/>
    <nd ref="10038561285"/>
    <nd ref="10038561286"/>
    <tag k="highway" v="footway"/>
  </way>
  <way id="1098770435">
    <nd ref="10060517368"/>
    <nd ref="11425338122"/>
    <nd ref="10086861546"/>
    <nd ref="10060517369"/>
    <nd ref="10060517370"/>
    <nd ref="10060517371"/>
    <tag k="access" v="private"/>
    <tag k="highway" v="service"/>
    <tag k="motor_vehicle" v="destination"/>
  </way>
  <way id="1098770436">
    <nd ref="10060517371"/>
    <nd ref="10060517372"/>
    <nd ref="10060517373"/>
    <nd ref="10060517374"/>
    <nd ref="4038254330"/>
    <tag k="access" v="private"/>
    <tag k="highway" v="service"/>
    <tag k="motor_vehicle" v="destination"/>
  </way>
  <way id="1098770439">
    <nd ref="4038254322"/>
    <nd ref="10060517386"/>
    <nd ref="10060517387"/>
    <nd ref="10060517388"/>
    <nd ref="10060517389"/>
    <nd ref="10060517390"/>
    <nd ref="10060517391"/>
    <nd ref="13973794414"/>
    <nd ref="10060517392"/>
    <nd ref="10060517393"/>
    <nd ref="10086861544"/>
    <nd ref="13973794415"/>
    <nd ref="10060517384"/>
    <nd ref="10086861545"/>
    <nd ref="10060517383"/>
    <nd ref="10060517382"/>
    <nd ref="10060517381"/>
    <nd ref="10060517380"/>
    <nd ref="10060517379"/>
    <nd ref="10060517378"/>
    <nd ref="10060517371"/>
    <tag k="access" v="private"/>
    <tag k="highway" v="service"/>
    <tag k="motor_vehicle" v="destination"/>
  </way>
  <way id="1098770440">
    <nd ref="11425338147"/>
    <nd ref="11425338148"/>
    <nd ref="10086861535"/>
    <nd ref="12119647583"/>
    <nd ref="10060517396"/>
    <tag k="access" v="private"/>
    <tag k="highway" v="footway"/>
  </way>
  <way id="1098770445">
    <nd ref="10060517416"/>
    <nd ref="11425338158"/>
    <nd ref="11425338161"/>
    <nd ref="11387002790"/>
    <nd ref="10060517417"/>
    <nd ref="11387002791"/>
    <tag k="access" v="private"/>
    <tag k="highway" v="service"/>
  </way>
  <way id="1098770446">
    <nd ref="1842803332"/>
    <nd ref="10060517419"/>
    <tag k="access" v="private"/>
    <tag k="highway" v="residential"/>
  </way>
  <way id="1098770448">
    <nd ref="10060517425"/>
    <nd ref="10038561242"/>
    <tag k="highway" v="living_street"/>
  </way>
  <way id="1098770450">
    <nd ref="10060517431"/>
    <nd ref="12118965751"/>
    <nd ref="10996448526"/>
    <nd ref="10060517432"/>
    <tag k="access" v="private"/>
    <tag k="highway" v="service"/>
  </way>
  <way id="1098770451">
    <nd ref="10060517433"/>
    <nd ref="12118965752"/>
    <nd ref="10996448527"/>
    <nd ref="10060517434"/>
    <tag k="access" v="private"/>
    <tag k="highway" v="service"/>
  </way>
  <way id="1098776705">
    <nd ref="11387005526"/>
    <nd ref="11387005527"/>
    <nd ref="10060540906"/>
    <nd ref="10060540909"/>
    <nd ref="10060540910"/>
    <nd ref="10060540911"/>
    <nd ref="10060540912"/>
    <nd ref="10060540913"/>
    <nd ref="10060540914"/>
    <nd ref="10060540915"/>
    <nd ref="10060540916"/>
    <nd ref="10060571617"/>
    <nd ref="10060571618"/>
    <nd ref="10060571619"/>
    <nd ref="10060571620"/>
    <nd ref="10060571621"/>
    <nd ref="10060571622"/>
    <nd ref="11387005522"/>
    <nd ref="11387005523"/>
    <tag k="access" v="private"/>
    <tag k="highway" v="service"/>
  </way>
  <way id="1098776706">
    <nd ref="10060571623"/>
    <nd ref="10279727329"/>
    <nd ref="10060571624"/>
    <tag k="access" v="private"/>
    <tag k="highway" v="service"/>
  </way>
  <way id="1098776715">
    <nd ref="10060571647"/>
    <nd ref="12119558734"/>
    <nd ref="459815973"/>
    <tag k="access" v="private"/>
    <tag k="highway" v="service"/>
    <tag k="service" v="driveway"/>
  </way>
  <way id="1098776716">
    <nd ref="10060571648"/>
    <nd ref="11425324465"/>
    <nd ref="9633893513"/>
    <nd ref="10060571649"/>
    <tag k="access" v="private"/>
    <tag k="highway" v="service"/>
  </way>
  <way id="1098787263">
    <nd ref="10201030344"/>
    <nd ref="10060645486"/>
    <nd ref="10996454703"/>
    <nd ref="10086531859"/>
    <nd ref="10060645487"/>
    <tag k="access" v="private"/>
    <tag k="highway" v="service"/>
  </way>
  <way id="1098787264">
    <nd ref="10060645488"/>
    <nd ref="10753340360"/>
    <nd ref="10060645489"/>
    <tag k="highway" v="residential"/>
  </way>
  <way id="1098787265">
    <nd ref="10060645490"/>
    <nd ref="10060645493"/>
    <nd ref="10996480405"/>
    <nd ref="10060645495"/>
    <nd ref="10060645492"/>
    <tag k="access" v="private"/>
    <tag k="highway" v="service"/>
  </way>
  <way id="1098787266">
    <nd ref="10060645495"/>
    <nd ref="10060645497"/>
    <nd ref="10996440904"/>
    <nd ref="10060645499"/>
    <nd ref="10060645498"/>
    <tag k="access" v="private"/>
    <tag k="highway" v="service"/>
  </way>
  <way id="1098787267">
    <nd ref="10060645501"/>
    <nd ref="10060645503"/>
    <nd ref="10060645504"/>
    <nd ref="10060645506"/>
    <nd ref="10060645502"/>
    <tag k="access" v="private"/>
    <tag k="highway" v="service"/>
  </way>
  <way id="1098787270">
    <nd ref="10060645506"/>
    <nd ref="10060645507"/>
    <nd ref="10086861521"/>
    <nd ref="10060645509"/>
    <nd ref="10060645508"/>
    <tag k="access" v="private"/>
    <tag k="highway" v="service"/>
  </way>
  <way id="1098787271">
    <nd ref="10060645512"/>
    <nd ref="10060658417"/>
    <nd ref="10060645514"/>
    <tag k="access" v="permissive"/>
    <tag k="highway" v="service"/>
    <tag k="service" v="driveway"/>
  </way>
  <way id="1098787279">
    <nd ref="12137524970"/>
    <nd ref="10060658438"/>
    <nd ref="10197618935"/>
    <nd ref="10060540914"/>
    <tag k="access" v="private"/>
    <tag k="highway" v="service"/>
  </way>
  <way id="1102294981">
    <nd ref="6527260381"/>
    <nd ref="10060645499"/>
    <nd ref="10060645493"/>
    <nd ref="12526376804"/>
    <nd ref="10060645503"/>
    <nd ref="12846334630"/>
    <nd ref="10060645509"/>
    <nd ref="9835980915"/>
    <nd ref="6527260383"/>
    <nd ref="10086531856"/>
    <nd ref="6527260384"/>
    <nd ref="11496183649"/>
    <nd ref="12462447304"/>
    <nd ref="6527314785"/>
    <nd ref="11496183617"/>
    <nd ref="11496183618"/>
    <tag k="bicycle" v="designated"/>
    <tag k="check_date:surface" v="2024-09-28"/>
    <tag k="cycleway:surface" v="paving_stones"/>
    <tag k="cycleway:width" v="2"/>
    <tag k="foot" v="designated"/>
    <tag k="footway:surface" v="paving_stones"/>
    <tag k="highway" v="cycleway"/>
    <tag k="oneway:bicycle" v="yes"/>
    <tag k="segregated" v="yes"/>
    <tag k="smoothness" v="excellent"/>
    <tag k="surface" v="paving_stones"/>
  </way>
  <way id="1102326205">
    <nd ref="10086861524"/>
    <nd ref="10086861522"/>
    <nd ref="10988870693"/>
    <nd ref="10086861523"/>
    <tag k="access" v="private"/>
    <tag k="highway" v="service"/>
  </way>
  <way id="1102326207">
    <nd ref="10038561226"/>
    <nd ref="10038561228"/>
    <nd ref="10038561221"/>
    <nd ref="10038561220"/>
    <nd ref="10996504605"/>
    <nd ref="663568615"/>
    <tag k="access" v="private"/>
    <tag k="highway" v="service"/>
  </way>
  <way id="1102326208">
    <nd ref="10086861526"/>
    <nd ref="11022205623"/>
    <nd ref="10086861528"/>
    <nd ref="11425338155"/>
    <nd ref="11022205622"/>
    <nd ref="11425338154"/>
    <nd ref="10595455527"/>
    <tag k="access" v="private"/>
    <tag k="highway" v="service"/>
  </way>
  <way id="1102326210">
    <nd ref="5340711536"/>
    <nd ref="11425338151"/>
    <nd ref="10086861531"/>
    <nd ref="10086861537"/>
    <nd ref="10086861533"/>
    <nd ref="11425338152"/>
    <nd ref="10595455526"/>
    <tag k="access" v="private"/>
    <tag k="highway" v="service"/>
  </way>
  <way id="1102326211">
    <nd ref="10086861537"/>
    <nd ref="10086861536"/>
    <nd ref="10086861535"/>
    <tag k="access" v="private"/>
    <tag k="highway" v="footway"/>
  </way>
  <way id="1102326212">
    <nd ref="10060517396"/>
    <nd ref="11425338069"/>
    <nd ref="10086861538"/>
    <nd ref="11022221095"/>
    <nd ref="10086861537"/>
    <tag k="access" v="private"/>
    <tag k="highway" v="service"/>
  </way>
  <way id="1102326213">
    <nd ref="10086861542"/>
    <nd ref="11425324459"/>
    <nd ref="9633893515"/>
    <nd ref="10086861541"/>
    <tag k="access" v="permissive"/>
    <tag k="highway" v="service"/>
  </way>
  <way id="1105686314">
    <nd ref="10117863522"/>
    <nd ref="13459537797"/>
    <nd ref="11021534174"/>
    <nd ref="11021534173"/>
    <nd ref="10117863523"/>
    <nd ref="10117863525"/>
    <tag k="access" v="private"/>
    <tag k="highway" v="service"/>
  </way>
  <way id="1109911786">
    <nd ref="10595455538"/>
    <nd ref="11342975174"/>
    <nd ref="3943327573"/>
    <tag k="access" v="permissive"/>
    <tag k="bicycle" v="yes"/>
    <tag k="cycleway" v="no"/>
    <tag k="foot" v="yes"/>
    <tag k="highway" v="unclassified"/>
    <tag k="lanes" v="2"/>
    <tag k="maxspeed" v="25"/>
    <tag k="motor_vehicle:conditional" v="yes @ (Mo-Sa 08:00-21:00)"/>
    <tag k="note" v="Vehicular Traffic Allowed only between - 8AM to 9PM from Monday to Saturday. Sunday Vehicles not permitted."/>
    <tag k="oneway" v="yes"/>
    <tag k="sidewalk" v="both"/>
    <tag k="surface" v="asphalt"/>
  </way>
  <way id="1109911787">
    <nd ref="3943327577"/>
    <nd ref="10783592398"/>
    <nd ref="11342975173"/>
    <nd ref="246397920"/>
    <tag k="access" v="permissive"/>
    <tag k="bicycle" v="yes"/>
    <tag k="cycleway" v="no"/>
    <tag k="foot" v="yes"/>
    <tag k="highway" v="unclassified"/>
    <tag k="maxspeed" v="25"/>
    <tag k="motor_vehicle:conditional" v="yes @ (Mo-Sa 08:00-21:00)"/>
    <tag k="note" v="Vehicular Traffic Allowed only between - 8AM to 9PM from Monday to Saturday. Sunday Vehicles not permitted."/>
    <tag k="oneway" v="yes"/>
    <tag k="sidewalk" v="both"/>
    <tag k="sidewalk:both:kerb" v="raised"/>
    <tag k="surface" v="asphalt"/>
  </way>
  <way id="1109911788">
    <nd ref="246397920"/>
    <nd ref="4058224855"/>
    <tag k="highway" v="secondary"/>
    <tag k="lanes" v="2"/>
    <tag k="maxheight" v="5.7"/>
    <tag k="name" v="Kasturba Road"/>
    <tag k="name:etymology:wikidata" v="Q264908"/>
    <tag k="name:kn" v="ಕಸ್ತೂರ್ಬಾ ರಸ್ತೆ"/>
    <tag k="old_name" v="Sidney Road"/>
    <tag k="oneway" v="yes"/>
    <tag k="sidewalk" v="separate"/>
    <tag k="smoothness" v="excellent"/>
    <tag k="surface" v="asphalt"/>
  </way>
  <way id="1109911790">
    <nd ref="4058224852"/>
    <nd ref="4058224836"/>
    <tag k="highway" v="secondary"/>
    <tag k="lanes" v="2"/>
    <tag k="maxheight" v="5.7"/>
    <tag k="name" v="Kasturba Road"/>
    <tag k="name:etymology:wikidata" v="Q264908"/>
    <tag k="name:kn" v="ಕಸ್ತೂರ್ಬಾ ರಸ್ತೆ"/>
    <tag k="old_name" v="Sidney Road"/>
    <tag k="oneway" v="yes"/>
    <tag k="sidewalk" v="separate"/>
    <tag k="smoothness" v="excellent"/>
    <tag k="surface" v="asphalt"/>
  </way>
  <way id="1109911791">
    <nd ref="246397920"/>
    <nd ref="4058224852"/>
    <tag k="bicycle" v="yes"/>
    <tag k="foot" v="designated"/>
    <tag k="highway" v="tertiary"/>
    <tag k="name" v="Vittal Mallya Road"/>
    <tag k="name:etymology:wikidata" v="Q7937268"/>
    <tag k="name:kn" v="ವಿಠ್ಠಲ ಮಲ್ಯ ರಸ್ತೆ"/>
    <tag k="old_name" v="Grant Road"/>
    <tag k="oneway" v="yes"/>
    <tag k="surface" v="concrete"/>
  </way>
  <way id="1109911794">
    <nd ref="10783592399"/>
    <nd ref="10595455538"/>
    <tag k="highway" v="secondary"/>
    <tag k="name" v="Kasturba Road"/>
    <tag k="name:etymology:wikidata" v="Q264908"/>
    <tag k="name:kn" v="ಕಸ್ತೂರ್ಬಾ ರಸ್ತೆ"/>
    <tag k="old_name" v="Sidney Road"/>
    <tag k="oneway" v="yes"/>
    <tag k="sidewalk" v="separate"/>
    <tag k="smoothness" v="excellent"/>
    <tag k="surface" v="asphalt"/>
  </way>
  <way id="1109911795">
    <nd ref="4058224835"/>
    <nd ref="3943327569"/>
    <nd ref="11342975171"/>
    <tag k="footway" v="crossing"/>
    <tag k="highway" v="footway"/>
  </way>
  <way id="1110191850">
    <nd ref="429303166"/>
    <nd ref="11342975178"/>
    <nd ref="4058224850"/>
    <tag k="highway" v="secondary"/>
    <tag k="lanes" v="2"/>
    <tag k="maxheight" v="5.7"/>
    <tag k="name" v="Kasturba Road"/>
    <tag k="name:etymology:wikidata" v="Q264908"/>
    <tag k="name:kn" v="ಕಸ್ತೂರ್ಬಾ ರಸ್ತೆ"/>
    <tag k="old_name" v="Sidney Road"/>
    <tag k="oneway" v="yes"/>
    <tag k="sidewalk" v="separate"/>
    <tag k="smoothness" v="excellent"/>
    <tag k="surface" v="asphalt"/>
  </way>
  <way id="1119219520">
    <nd ref="10236025446"/>
    <nd ref="10236025444"/>
    <nd ref="10236025447"/>
    <nd ref="10272932164"/>
    <nd ref="10236025445"/>
    <nd ref="10272932161"/>
    <tag k="access" v="permissive"/>
    <tag k="highway" v="service"/>
    <tag k="service" v="driveway"/>
  </way>
  <way id="1119219522">
    <nd ref="10236025451"/>
    <nd ref="12022180859"/>
    <nd ref="10236025452"/>
    <nd ref="10236025450"/>
    <nd ref="10236025449"/>
    <tag k="highway" v="footway"/>
  </way>
  <way id="1119219524">
    <nd ref="6751891699"/>
    <nd ref="14103099719"/>
    <nd ref="10236025454"/>
    <nd ref="12022180861"/>
    <nd ref="10236025453"/>
    <tag k="access" v="private"/>
    <tag k="highway" v="service"/>
  </way>
  <way id="1119219525">
    <nd ref="10236025457"/>
    <nd ref="10236025455"/>
    <nd ref="12022218479"/>
    <nd ref="10236025448"/>
    <nd ref="12120696368"/>
    <nd ref="12120696369"/>
    <tag k="access" v="permissive"/>
    <tag k="highway" v="service"/>
  </way>
  <way id="1123304168">
    <nd ref="10272932164"/>
    <nd ref="10272932163"/>
    <nd ref="10272932162"/>
    <tag k="highway" v="footway"/>
  </way>
  <way id="1123304169">
    <nd ref="10272932168"/>
    <nd ref="10272932166"/>
    <nd ref="10272932169"/>
    <nd ref="10272932167"/>
    <tag k="highway" v="service"/>
    <tag k="service" v="driveway"/>
  </way>
  <way id="1123304172">
    <nd ref="10060645488"/>
    <nd ref="1492519186"/>
    <tag k="highway" v="residential"/>
  </way>
  <way id="1124083553">
    <nd ref="10279647095"/>
    <nd ref="10279647094"/>
    <nd ref="10279647093"/>
    <tag k="access" v="permissive"/>
    <tag k="highway" v="service"/>
    <tag k="service" v="driveway"/>
  </way>
  <way id="1125334904">
    <nd ref="10290817566"/>
    <nd ref="13821904847"/>
    <nd ref="13821904846"/>
    <nd ref="10290817603"/>
    <nd ref="10290817600"/>
    <nd ref="10290817599"/>
    <nd ref="10290817598"/>
    <nd ref="13821904871"/>
    <nd ref="13821904870"/>
    <nd ref="10290817596"/>
    <nd ref="13821904869"/>
    <nd ref="13821904868"/>
    <nd ref="13821904867"/>
    <nd ref="13821904866"/>
    <nd ref="13821904865"/>
    <nd ref="10290817566"/>
    <tag k="access" v="private"/>
    <tag k="highway" v="service"/>
  </way>
  <way id="1125334905">
    <nd ref="10290817603"/>
    <nd ref="10290817601"/>
    <nd ref="10996461798"/>
    <nd ref="10290817602"/>
    <tag k="access" v="private"/>
    <tag k="highway" v="service"/>
    <tag k="oneway" v="yes"/>
  </way>
  <way id="1125334906">
    <nd ref="10290817605"/>
    <nd ref="10996461799"/>
    <nd ref="10290817604"/>
    <nd ref="10290817603"/>
    <tag k="access" v="private"/>
    <tag k="highway" v="service"/>
    <tag k="oneway" v="yes"/>
  </way>
  <way id="1125334911">
    <nd ref="10290842817"/>
    <nd ref="10290842813"/>
    <nd ref="13459508981"/>
    <nd ref="11342975185"/>
    <nd ref="13459508998"/>
    <nd ref="10290842814"/>
    <tag k="access" v="permissive"/>
    <tag k="highway" v="service"/>
    <tag k="oneway" v="yes"/>
    <tag k="service" v="driveway"/>
  </way>
  <way id="1125334912">
    <nd ref="10290842816"/>
    <nd ref="13459508999"/>
    <nd ref="11342975186"/>
    <nd ref="13459508980"/>
    <nd ref="10290842815"/>
    <nd ref="10290842817"/>
    <tag k="access" v="permissive"/>
    <tag k="highway" v="service"/>
    <tag k="oneway" v="yes"/>
    <tag k="service" v="driveway"/>
  </way>
  <way id="1125385914">
    <nd ref="7949885736"/>
    <nd ref="1842803332"/>
    <tag k="access" v="private"/>
    <tag k="highway" v="residential"/>
  </way>
  <way id="1125877407">
    <nd ref="10295397882"/>
    <nd ref="459820527"/>
    <tag k="footway" v="sidewalk"/>
    <tag k="highway" v="footway"/>
    <tag k="surface" v="paving_stones"/>
  </way>
  <way id="1125877410">
    <nd ref="13823825645"/>
    <nd ref="10295397889"/>
    <nd ref="13823825646"/>
    <nd ref="10295397890"/>
    <tag k="access" v="private"/>
    <tag k="highway" v="service"/>
  </way>
  <way id="1125877414">
    <nd ref="10295397907"/>
    <nd ref="10295411711"/>
    <nd ref="10295397906"/>
    <tag k="highway" v="footway"/>
  </way>
  <way id="1125877421">
    <nd ref="248459833"/>
    <nd ref="10295411742"/>
    <nd ref="3343263987"/>
    <tag k="access" v="private"/>
    <tag k="highway" v="service"/>
  </way>
  <way id="1126201534">
    <nd ref="10298313287"/>
    <nd ref="459820527"/>
    <nd ref="10298313286"/>
    <nd ref="10298313285"/>
    <tag k="access" v="private"/>
    <tag k="highway" v="service"/>
  </way>
  <way id="1132664940">
    <nd ref="4038254322"/>
    <nd ref="13973794417"/>
    <nd ref="13973794416"/>
    <nd ref="11022196485"/>
    <nd ref="10978444095"/>
    <tag k="access" v="private"/>
    <tag k="highway" v="service"/>
    <tag k="motor_vehicle" v="destination"/>
  </way>
  <way id="1148155462">
    <nd ref="4058224836"/>
    <nd ref="10595455538"/>
    <tag k="bicycle" v="yes"/>
    <tag k="foot" v="designated"/>
    <tag k="highway" v="tertiary"/>
    <tag k="name" v="Vittal Mallya Road"/>
    <tag k="name:etymology:wikidata" v="Q7937268"/>
    <tag k="name:kn" v="ವಿಠ್ಠಲ ಮಲ್ಯ ರಸ್ತೆ"/>
    <tag k="old_name" v="Grant Road"/>
    <tag k="oneway" v="yes"/>
    <tag k="surface" v="concrete"/>
  </way>
  <way id="1148155463">
    <nd ref="4058224836"/>
    <nd ref="4058224820"/>
    <nd ref="4058224805"/>
    <tag k="highway" v="secondary"/>
    <tag k="lanes" v="2"/>
    <tag k="maxheight" v="5.7"/>
    <tag k="name" v="Kasturba Road"/>
    <tag k="name:etymology:wikidata" v="Q264908"/>
    <tag k="name:kn" v="ಕಸ್ತೂರ್ಬಾ ರಸ್ತೆ"/>
    <tag k="old_name" v="Sidney Road"/>
    <tag k="oneway" v="yes"/>
    <tag k="sidewalk" v="separate"/>
    <tag k="smoothness" v="excellent"/>
    <tag k="surface" v="asphalt"/>
  </way>
  <way id="1148155464">
    <nd ref="1636623242"/>
    <nd ref="5340711535"/>
    <tag k="bicycle" v="yes"/>
    <tag k="foot" v="designated"/>
    <tag k="highway" v="tertiary"/>
    <tag k="name" v="Vittal Mallya Road"/>
    <tag k="name:etymology:wikidata" v="Q7937268"/>
    <tag k="name:kn" v="ಲಾವೆಲ್ ರಸ್ತೆ"/>
    <tag k="old_name" v="Grant Road"/>
    <tag k="oneway" v="yes"/>
    <tag k="surface" v="concrete"/>
  </way>
  <way id="1148155465">
    <nd ref="10595455538"/>
    <nd ref="246397920"/>
    <tag k="highway" v="secondary"/>
    <tag k="name" v="Kasturba Road"/>
    <tag k="name:etymology:wikidata" v="Q264908"/>
    <tag k="name:kn" v="ಕಸ್ತೂರ್ಬಾ ರಸ್ತೆ"/>
    <tag k="old_name" v="Sidney Road"/>
    <tag k="oneway" v="yes"/>
    <tag k="sidewalk" v="separate"/>
    <tag k="smoothness" v="excellent"/>
    <tag k="surface" v="asphalt"/>
  </way>
  <way id="1148155466">
    <nd ref="4058224813"/>
    <nd ref="4058224830"/>
    <nd ref="11732899888"/>
    <nd ref="4058224836"/>
    <tag k="bicycle" v="yes"/>
    <tag k="foot" v="designated"/>
    <tag k="highway" v="tertiary"/>
    <tag k="name" v="Vittal Mallya Road"/>
    <tag k="name:etymology:wikidata" v="Q7937268"/>
    <tag k="name:kn" v="ಲಾವೆಲ್ ರಸ್ತೆ"/>
    <tag k="old_name" v="Grant Road"/>
    <tag k="oneway" v="yes"/>
    <tag k="surface" v="concrete"/>
  </way>
  <way id="1156298789">
    <nd ref="10753340360"/>
    <nd ref="10753340359"/>
    <nd ref="10753340358"/>
    <tag k="access" v="permissive"/>
    <tag k="highway" v="living_street"/>
  </way>
  <way id="1156298791">
    <nd ref="10753340370"/>
    <nd ref="10753340369"/>
    <nd ref="10753340372"/>
    <nd ref="10753340373"/>
    <nd ref="10753340371"/>
    <tag k="highway" v="footway"/>
  </way>
  <way id="1162816460">
    <nd ref="6487182238"/>
    <nd ref="11425338092"/>
    <nd ref="13763680939"/>
    <nd ref="10814598067"/>
    <nd ref="10814598068"/>
    <nd ref="10814598069"/>
    <nd ref="13644529687"/>
    <nd ref="13644529688"/>
    <nd ref="10814598070"/>
    <nd ref="10814598071"/>
    <nd ref="10814598072"/>
    <nd ref="10814598073"/>
    <nd ref="10814598081"/>
    <nd ref="10814598074"/>
    <nd ref="10814598080"/>
    <nd ref="10814598075"/>
    <nd ref="13450602814"/>
    <nd ref="10814598079"/>
    <nd ref="10814598076"/>
    <nd ref="10814598077"/>
    <nd ref="12128943116"/>
    <nd ref="12128943117"/>
    <nd ref="12128943119"/>
    <nd ref="12128943118"/>
    <tag k="footway" v="sidewalk"/>
    <tag k="highway" v="footway"/>
    <tag k="surface" v="paving_stones"/>
  </way>
  <way id="1162816462">
    <nd ref="6487182239"/>
    <nd ref="11425338090"/>
    <nd ref="10814598084"/>
    <nd ref="10814598082"/>
    <nd ref="10814598083"/>
    <nd ref="10814598085"/>
    <nd ref="10814598086"/>
    <nd ref="10814598087"/>
    <nd ref="10814598088"/>
    <nd ref="10814598089"/>
    <nd ref="12135035085"/>
    <nd ref="12135035086"/>
    <nd ref="12135035087"/>
    <nd ref="12135035088"/>
    <nd ref="12135035089"/>
    <nd ref="12135035090"/>
    <nd ref="12135035091"/>
    <nd ref="12135035092"/>
    <nd ref="11732899887"/>
    <tag k="footway" v="sidewalk"/>
    <tag k="highway" v="footway"/>
    <tag k="kerb" v="raised"/>
    <tag k="surface" v="paving_stones"/>
  </way>
  <way id="1165376037">
    <nd ref="13459508925"/>
    <nd ref="10839545421"/>
    <nd ref="10839545422"/>
    <nd ref="10839545423"/>
    <tag k="access" v="permissive"/>
    <tag k="highway" v="service"/>
  </way>
  <way id="1165376038">
    <nd ref="10839545421"/>
    <nd ref="10839545424"/>
    <tag k="access" v="permissive"/>
    <tag k="highway" v="service"/>
  </way>
  <way id="1165376130">
    <nd ref="10839554329"/>
    <nd ref="12462431258"/>
    <nd ref="10839554330"/>
    <tag k="highway" v="service"/>
  </way>
  <way id="1182193014">
    <nd ref="10978444094"/>
    <nd ref="10814598084"/>
    <nd ref="10561097170"/>
    <tag k="access" v="private"/>
    <tag k="highway" v="service"/>
    <tag k="motor_vehicle" v="destination"/>
  </way>
  <way id="1182193015">
    <nd ref="10978444095"/>
    <nd ref="10978444094"/>
    <tag k="access" v="private"/>
    <tag k="bridge" v="yes"/>
    <tag k="highway" v="service"/>
    <tag k="layer" v="1"/>
    <tag k="motor_vehicle" v="destination"/>
  </way>
  <way id="1182217672">
    <nd ref="677286832"/>
    <nd ref="12190248477"/>
    <nd ref="677286833"/>
    <nd ref="677286834"/>
    <nd ref="677286850"/>
    <nd ref="677286846"/>
    <nd ref="677286847"/>
    <nd ref="3730964471"/>
    <nd ref="3730964467"/>
    <nd ref="9162183611"/>
    <tag k="access" v="private"/>
    <tag k="cycleway" v="no"/>
    <tag k="highway" v="service"/>
  </way>
  <way id="1183620703">
    <nd ref="10991527881"/>
    <nd ref="13459537798"/>
    <nd ref="10991527882"/>
    <nd ref="13459537804"/>
    <nd ref="10991527883"/>
    <nd ref="10991527884"/>
    <nd ref="10991527886"/>
    <tag k="highway" v="service"/>
  </way>
  <way id="1183628554">
    <nd ref="12558269347"/>
    <nd ref="11425338169"/>
    <nd ref="10991656250"/>
    <nd ref="12118661232"/>
    <nd ref="12118661231"/>
    <nd ref="12118661230"/>
    <nd ref="12118661229"/>
    <nd ref="12118661228"/>
    <nd ref="12118661227"/>
    <nd ref="12118661233"/>
    <nd ref="12118661226"/>
    <nd ref="12118661225"/>
    <nd ref="12118661224"/>
    <nd ref="12118661223"/>
    <nd ref="12118661222"/>
    <nd ref="10991656256"/>
    <tag k="highway" v="service"/>
    <tag k="oneway" v="yes"/>
  </way>
  <way id="1188468910">
    <nd ref="11035791440"/>
    <nd ref="11035791438"/>
    <nd ref="13711052356"/>
    <nd ref="11035791439"/>
    <tag k="access" v="private"/>
    <tag k="highway" v="service"/>
  </way>
  <way id="1188468915">
    <nd ref="6758660946"/>
    <nd ref="6758660945"/>
    <nd ref="11035791474"/>
    <nd ref="11035791473"/>
    <nd ref="11035791472"/>
    <nd ref="11035791476"/>
    <nd ref="11035791471"/>
    <nd ref="11035791470"/>
    <nd ref="11035791475"/>
    <nd ref="11035791469"/>
    <nd ref="11035791481"/>
    <tag k="access" v="private"/>
    <tag k="highway" v="service"/>
  </way>
  <way id="1188468916">
    <nd ref="6758660939"/>
    <nd ref="6758660947"/>
    <tag k="access" v="private"/>
    <tag k="highway" v="service"/>
  </way>
  <way id="1188468917">
    <nd ref="11035791481"/>
    <nd ref="11035791480"/>
    <nd ref="11035791479"/>
    <nd ref="11035791482"/>
    <nd ref="11035791478"/>
    <nd ref="11035791477"/>
    <nd ref="6758660939"/>
    <tag k="access" v="private"/>
    <tag k="highway" v="service"/>
  </way>
  <way id="1193543693">
    <nd ref="11078621095"/>
    <nd ref="11425338163"/>
    <nd ref="12558269330"/>
    <nd ref="1557709050"/>
    <tag k="access" v="permissive"/>
    <tag k="highway" v="service"/>
    <tag k="service" v="driveway"/>
  </way>
  <way id="1200760840">
    <nd ref="4793645566"/>
    <nd ref="11133510082"/>
    <nd ref="12462431285"/>
    <nd ref="11133510086"/>
    <tag k="highway" v="footway"/>
  </way>
  <way id="1200760841">
    <nd ref="663195397"/>
    <nd ref="12190248464"/>
    <nd ref="3730964481"/>
    <nd ref="3730964480"/>
    <nd ref="663592924"/>
    <tag k="access" v="permissive"/>
    <tag k="cycleway" v="no"/>
    <tag k="highway" v="service"/>
    <tag k="lanes" v="2"/>
  </way>
  <way id="1205171800">
    <nd ref="4058224827"/>
    <nd ref="12673415800"/>
    <nd ref="10783592399"/>
    <tag k="highway" v="secondary"/>
    <tag k="name" v="Kasturba Road"/>
    <tag k="name:etymology:wikidata" v="Q264908"/>
    <tag k="name:kn" v="ಕಸ್ತೂರ್ಬಾ ರಸ್ತೆ"/>
    <tag k="old_name" v="Sidney Road"/>
    <tag k="oneway" v="yes"/>
    <tag k="sidewalk" v="separate"/>
    <tag k="smoothness" v="excellent"/>
    <tag k="surface" v="asphalt"/>
  </way>
  <way id="1205171801">
    <nd ref="4058224850"/>
    <nd ref="4058224852"/>
    <tag k="highway" v="secondary"/>
    <tag k="lanes" v="2"/>
    <tag k="maxheight" v="5.7"/>
    <tag k="name" v="Kasturba Road"/>
    <tag k="name:etymology:wikidata" v="Q264908"/>
    <tag k="name:kn" v="ಕಸ್ತೂರ್ಬಾ ರಸ್ತೆ"/>
    <tag k="old_name" v="Sidney Road"/>
    <tag k="oneway" v="yes"/>
    <tag k="sidewalk" v="separate"/>
    <tag k="smoothness" v="excellent"/>
    <tag k="surface" v="asphalt"/>
  </way>
  <way id="1205171802">
    <nd ref="3943327578"/>
    <nd ref="2189683204"/>
    <nd ref="429303168"/>
    <nd ref="246397921"/>
    <nd ref="663573130"/>
    <nd ref="7794488274"/>
    <nd ref="7106320855"/>
    <nd ref="3343549645"/>
    <nd ref="663941093"/>
    <nd ref="10038561279"/>
    <nd ref="13459537782"/>
    <nd ref="3343549653"/>
    <nd ref="429303169"/>
    <nd ref="6758660948"/>
    <nd ref="3343549668"/>
    <nd ref="3343549679"/>
    <nd ref="7106320856"/>
    <nd ref="12147816737"/>
    <tag k="dual_carriageway" v="yes"/>
    <tag k="highway" v="secondary"/>
    <tag k="lanes" v="2"/>
    <tag k="lit" v="yes"/>
    <tag k="maxheight" v="5.7"/>
    <tag k="name" v="Kasturba Road"/>
    <tag k="name:etymology:wikidata" v="Q264908"/>
    <tag k="name:kn" v="ಕಸ್ತೂರ್ಬಾ ರಸ್ತೆ"/>
    <tag k="old_name" v="Sidney Road"/>
    <tag k="oneway" v="yes"/>
    <tag k="sidewalk" v="separate"/>
    <tag k="smoothness" v="excellent"/>
    <tag k="surface" v="asphalt"/>
  </way>
  <way id="1219312242">
    <nd ref="11425338176"/>
    <nd ref="11297929245"/>
    <nd ref="12558269343"/>
    <nd ref="11297929234"/>
    <tag k="crossing" v="uncontrolled"/>
    <tag k="crossing:island" v="no"/>
    <tag k="crossing:markings" v="zebra"/>
    <tag k="footway" v="crossing"/>
    <tag k="highway" v="footway"/>
    <tag k="tactile_paving" v="no"/>
  </way>
  <way id="1219331391">
    <nd ref="11298111558"/>
    <nd ref="11298111563"/>
    <tag k="highway" v="steps"/>
    <tag k="incline" v="down"/>
  </way>
  <way id="1219331393">
    <nd ref="11298111554"/>
    <nd ref="3741208369"/>
    <tag k="highway" v="footway"/>
    <tag k="incline" v="down"/>
  </way>
  <way id="1219331394">
    <nd ref="9796225994"/>
    <nd ref="428836843"/>
    <nd ref="11298111560"/>
    <tag k="crossing" v="traffic_signals"/>
    <tag k="crossing:markings" v="zebra"/>
    <tag k="footway" v="crossing"/>
    <tag k="highway" v="footway"/>
    <tag k="surface" v="asphalt"/>
  </way>
  <way id="1221674743">
    <nd ref="10595455534"/>
    <nd ref="11506245561"/>
    <nd ref="10060517438"/>
    <nd ref="11330441429"/>
    <nd ref="10060517436"/>
    <tag k="access" v="private"/>
    <tag k="highway" v="service"/>
  </way>
  <way id="1222902235">
    <nd ref="11342928937"/>
    <nd ref="11342928936"/>
    <nd ref="11342928935"/>
    <tag k="highway" v="footway"/>
  </way>
  <way id="1222902236">
    <nd ref="11342928940"/>
    <nd ref="11342928939"/>
    <nd ref="11342928938"/>
    <tag k="highway" v="footway"/>
  </way>
  <way id="1222902237">
    <nd ref="11342928943"/>
    <nd ref="11342928942"/>
    <nd ref="11342928941"/>
    <tag k="highway" v="footway"/>
    <tag k="surface" v="asphalt"/>
  </way>
  <way id="1222902239">
    <nd ref="4058224834"/>
    <nd ref="11342928935"/>
    <nd ref="10783592399"/>
    <nd ref="4058224815"/>
    <tag k="crossing" v="traffic_signals"/>
    <tag k="footway" v="crossing"/>
    <tag k="highway" v="footway"/>
  </way>
  <way id="1222902240">
    <nd ref="4058224846"/>
    <nd ref="11342928937"/>
    <nd ref="11342975174"/>
    <nd ref="11342975173"/>
    <nd ref="11342928943"/>
    <nd ref="11342975172"/>
    <tag k="crossing" v="traffic_signals"/>
    <tag k="crossing:markings" v="zebra"/>
    <tag k="footway" v="crossing"/>
    <tag k="highway" v="footway"/>
  </way>
  <way id="1222902241">
    <nd ref="4058224833"/>
    <nd ref="11732899888"/>
    <nd ref="10783592397"/>
    <nd ref="11342928938"/>
    <nd ref="11342975175"/>
    <tag k="crossing" v="traffic_signals"/>
    <tag k="footway" v="crossing"/>
    <tag k="highway" v="footway"/>
  </way>
  <way id="1222902242">
    <nd ref="4058224842"/>
    <nd ref="11342928940"/>
    <nd ref="4058224850"/>
    <nd ref="4058224855"/>
    <nd ref="11342928941"/>
    <nd ref="11342975176"/>
    <tag k="crossing" v="traffic_signals"/>
    <tag k="footway" v="crossing"/>
    <tag k="highway" v="footway"/>
  </way>
  <way id="1222902243">
    <nd ref="11342975188"/>
    <nd ref="13459508908"/>
    <nd ref="11342975210"/>
    <tag k="footway" v="sidewalk"/>
    <tag k="highway" v="footway"/>
  </way>
  <way id="1222902244">
    <nd ref="6834406266"/>
    <nd ref="11342975207"/>
    <nd ref="13459508967"/>
    <nd ref="12675389867"/>
    <nd ref="11342975206"/>
    <nd ref="11342975205"/>
    <nd ref="11342975204"/>
    <nd ref="3343549680"/>
    <nd ref="3343549669"/>
    <nd ref="11819678539"/>
    <nd ref="11342975201"/>
    <nd ref="11342975200"/>
    <nd ref="11342975199"/>
    <nd ref="11342975198"/>
    <nd ref="11819678528"/>
    <nd ref="11342975197"/>
    <nd ref="11342975196"/>
    <nd ref="11342975195"/>
    <nd ref="13459537778"/>
    <nd ref="13459537777"/>
    <nd ref="11425338207"/>
    <nd ref="11342975188"/>
    <nd ref="11342975192"/>
    <nd ref="11342975191"/>
    <nd ref="11342975190"/>
    <nd ref="11342975189"/>
    <nd ref="4058224495"/>
    <tag k="footway" v="sidewalk"/>
    <tag k="highway" v="footway"/>
    <tag k="smoothness" v="good"/>
    <tag k="surface" v="paving_stones"/>
  </way>
  <way id="1222902245">
    <nd ref="11342975212"/>
    <nd ref="13459508975"/>
    <nd ref="11342975211"/>
    <tag k="highway" v="footway"/>
  </way>
  <way id="1224538514">
    <nd ref="11383248303"/>
    <nd ref="11356383334"/>
    <tag k="highway" v="living_street"/>
  </way>
  <way id="1227541118">
    <nd ref="11383327924"/>
    <nd ref="10060517433"/>
    <tag k="highway" v="tertiary"/>
    <tag k="name" v="Lavelle Road"/>
    <tag k="name:kn" v="ಲಾವೆಲ್ ರಸ್ತೆ"/>
  </way>
  <way id="1227719358">
    <nd ref="11384980805"/>
    <nd ref="11384980811"/>
    <nd ref="11384980813"/>
    <nd ref="9360725225"/>
    <nd ref="11384980812"/>
    <nd ref="11384980810"/>
    <nd ref="11384980814"/>
    <nd ref="11384980809"/>
    <nd ref="11384980816"/>
    <nd ref="11384980818"/>
    <nd ref="9360725226"/>
    <nd ref="11384980817"/>
    <nd ref="11384980815"/>
    <nd ref="11384980819"/>
    <nd ref="12118965792"/>
    <nd ref="9360725227"/>
    <tag k="access" v="private"/>
    <tag k="highway" v="service"/>
  </way>
  <way id="1227940521">
    <nd ref="10060571620"/>
    <nd ref="11387005524"/>
    <nd ref="10060540912"/>
    <tag k="access" v="private"/>
    <tag k="highway" v="service"/>
  </way>
  <way id="1227941352">
    <nd ref="11387002792"/>
    <nd ref="11506245559"/>
    <tag k="access" v="private"/>
    <tag k="highway" v="service"/>
  </way>
  <way id="1231870393">
    <nd ref="11425324455"/>
    <nd ref="11425324456"/>
    <nd ref="12119649241"/>
    <nd ref="11425324458"/>
    <nd ref="11425324459"/>
    <nd ref="12119649231"/>
    <nd ref="11425324460"/>
    <nd ref="11425324461"/>
    <nd ref="11425324462"/>
    <nd ref="11425324463"/>
    <nd ref="11425324464"/>
    <nd ref="11425324465"/>
    <nd ref="12119649222"/>
    <nd ref="9540035543"/>
    <nd ref="11425324466"/>
    <nd ref="11425324467"/>
    <tag k="footway" v="sidewalk"/>
    <tag k="highway" v="footway"/>
    <tag k="smoothness" v="good"/>
    <tag k="surface" v="paving_stones"/>
  </way>
  <way id="1231870394">
    <nd ref="11425338069"/>
    <nd ref="11425338070"/>
    <nd ref="11425338071"/>
    <nd ref="11425338072"/>
    <nd ref="11425338073"/>
    <nd ref="11425338074"/>
    <nd ref="11425338075"/>
    <tag k="access" v="private"/>
    <tag k="highway" v="service"/>
  </way>
  <way id="1231870397">
    <nd ref="11425338090"/>
    <nd ref="11425338091"/>
    <tag k="footway" v="sidewalk"/>
    <tag k="highway" v="footway"/>
  </way>
  <way id="1231870399">
    <nd ref="11425338093"/>
    <nd ref="11425338094"/>
    <nd ref="11425338091"/>
    <tag k="crossing" v="uncontrolled"/>
    <tag k="crossing:island" v="no"/>
    <tag k="crossing:markings" v="zebra"/>
    <tag k="footway" v="crossing"/>
    <tag k="highway" v="footway"/>
    <tag k="surface" v="asphalt"/>
    <tag k="tactile_paving" v="no"/>
  </way>
  <way id="1231870402">
    <nd ref="11425338122"/>
    <nd ref="11425338121"/>
    <nd ref="11425338099"/>
    <nd ref="12119649243"/>
    <nd ref="12119649233"/>
    <nd ref="11425338100"/>
    <nd ref="11425338101"/>
    <nd ref="12119649221"/>
    <nd ref="11425338102"/>
    <nd ref="12119649218"/>
    <nd ref="11425338103"/>
    <nd ref="11425338105"/>
    <nd ref="11425338106"/>
    <nd ref="11425338107"/>
    <nd ref="11425338108"/>
    <nd ref="11425338109"/>
    <nd ref="11425338110"/>
    <nd ref="11425338111"/>
    <nd ref="13644548927"/>
    <nd ref="11425338112"/>
    <nd ref="11425338114"/>
    <nd ref="11425338115"/>
    <nd ref="11425338116"/>
    <nd ref="11425338117"/>
    <nd ref="11425338090"/>
    <tag k="footway" v="sidewalk"/>
    <tag k="highway" v="footway"/>
    <tag k="smoothness" v="good"/>
    <tag k="surface" v="paving_stones"/>
  </way>
  <way id="1231870406">
    <nd ref="11425338175"/>
    <nd ref="11297929234"/>
    <tag k="footway" v="sidewalk"/>
    <tag k="highway" v="footway"/>
  </way>
  <way id="1231870407">
    <nd ref="11297929254"/>
    <nd ref="11506245560"/>
    <nd ref="11425338176"/>
    <tag k="crossing:island" v="no"/>
    <tag k="crossing:markings" v="zebra"/>
    <tag k="footway" v="sidewalk"/>
    <tag k="highway" v="footway"/>
    <tag k="tactile_paving" v="no"/>
  </way>
  <way id="1231870408">
    <nd ref="11425338172"/>
    <nd ref="11425338173"/>
    <nd ref="11425338174"/>
    <tag k="crossing" v="uncontrolled"/>
    <tag k="crossing:markings" v="zebra"/>
    <tag k="footway" v="crossing"/>
    <tag k="highway" v="footway"/>
    <tag k="lit" v="yes"/>
    <tag k="smoothness" v="good"/>
  </way>
  <way id="1231870410">
    <nd ref="11425338174"/>
    <nd ref="11425338188"/>
    <nd ref="11425338189"/>
    <nd ref="11425338190"/>
    <nd ref="11425338191"/>
    <nd ref="12121490948"/>
    <nd ref="11425338192"/>
    <tag k="footway" v="sidewalk"/>
    <tag k="highway" v="footway"/>
    <tag k="smoothness" v="good"/>
    <tag k="surface" v="paving_stones"/>
  </way>
  <way id="1231870411">
    <nd ref="11425338192"/>
    <nd ref="11425338193"/>
    <nd ref="11425338194"/>
    <tag k="crossing" v="unmarked"/>
    <tag k="crossing:markings" v="no"/>
    <tag k="footway" v="crossing"/>
    <tag k="highway" v="footway"/>
  </way>
  <way id="1231870412">
    <nd ref="11425338194"/>
    <nd ref="11425338195"/>
    <nd ref="11425338196"/>
    <nd ref="11425338197"/>
    <nd ref="11425338198"/>
    <nd ref="11425338199"/>
    <nd ref="11425338200"/>
    <nd ref="11425338201"/>
    <nd ref="12118748980"/>
    <nd ref="12118748981"/>
    <nd ref="11425338202"/>
    <nd ref="12119649279"/>
    <nd ref="12118965788"/>
    <tag k="footway" v="sidewalk"/>
    <tag k="highway" v="footway"/>
    <tag k="smoothness" v="good"/>
    <tag k="surface" v="paving_stones"/>
  </way>
  <way id="1231870413">
    <nd ref="7794488272"/>
    <nd ref="13459508926"/>
    <nd ref="11425338207"/>
    <tag k="footway" v="sidewalk"/>
    <tag k="highway" v="footway"/>
  </way>
  <way id="1231870414">
    <nd ref="11425338209"/>
    <nd ref="13459508909"/>
    <nd ref="7794488273"/>
    <tag k="footway" v="sidewalk"/>
    <tag k="highway" v="footway"/>
  </way>
  <way id="1237681747">
    <nd ref="11298111556"/>
    <nd ref="11496183613"/>
    <nd ref="9796225994"/>
    <tag k="footway" v="sidewalk"/>
    <tag k="highway" v="footway"/>
    <tag k="surface" v="paving_stones"/>
  </way>
  <way id="1237681748">
    <nd ref="11298111560"/>
    <nd ref="6527314785"/>
    <tag k="footway" v="sidewalk"/>
    <tag k="highway" v="footway"/>
    <tag k="surface" v="paving_stones"/>
  </way>
  <way id="1237681750">
    <nd ref="11496183613"/>
    <nd ref="11496183614"/>
    <tag k="footway" v="sidewalk"/>
    <tag k="highway" v="footway"/>
    <tag k="surface" v="paving_stones"/>
  </way>
  <way id="1237681753">
    <nd ref="11496183618"/>
    <nd ref="11496183627"/>
    <nd ref="11496183619"/>
    <tag k="crossing" v="traffic_signals"/>
    <tag k="crossing:markings" v="zebra"/>
    <tag k="footway" v="crossing"/>
    <tag k="highway" v="footway"/>
    <tag k="surface" v="asphalt"/>
  </way>
  <way id="1238638850">
    <nd ref="10595455529"/>
    <nd ref="11425338159"/>
    <tag k="access" v="private"/>
    <tag k="highway" v="service"/>
  </way>
  <way id="1238638851">
    <nd ref="12119558729"/>
    <nd ref="9540035542"/>
    <nd ref="12119558771"/>
    <tag k="footway" v="crossing"/>
    <tag k="highway" v="footway"/>
  </way>
  <way id="1238638852">
    <nd ref="4960826818"/>
    <nd ref="12558269328"/>
    <nd ref="12558269329"/>
    <nd ref="12558269344"/>
    <nd ref="12558269330"/>
    <nd ref="12558269345"/>
    <nd ref="12558269331"/>
    <nd ref="12558269332"/>
    <nd ref="12558269333"/>
    <nd ref="13065062913"/>
    <nd ref="12558269334"/>
    <nd ref="12558269335"/>
    <nd ref="12558269346"/>
    <nd ref="12558269336"/>
    <nd ref="12558269337"/>
    <nd ref="4960830623"/>
    <nd ref="12558269350"/>
    <nd ref="12558269347"/>
    <nd ref="12558269338"/>
    <nd ref="12558269348"/>
    <nd ref="12558269339"/>
    <nd ref="12558269349"/>
    <tag k="bicycle" v="yes"/>
    <tag k="foot" v="designated"/>
    <tag k="highway" v="tertiary"/>
    <tag k="name" v="Vittal Mallya Road"/>
    <tag k="name:etymology:wikidata" v="Q7937268"/>
    <tag k="name:kn" v="ವಿಠ್ಠಲ್ ಮಲ್ಯ ರಸ್ತೆ"/>
    <tag k="old_name" v="Grant Road"/>
    <tag k="oneway" v="yes"/>
    <tag k="smoothness" v="excellent"/>
    <tag k="surface" v="concrete"/>
  </way>
  <way id="1238638853">
    <nd ref="11506245565"/>
    <nd ref="11506245564"/>
    <nd ref="10595455526"/>
    <nd ref="5340711536"/>
    <nd ref="4058224813"/>
    <tag k="bicycle" v="yes"/>
    <tag k="foot" v="designated"/>
    <tag k="highway" v="tertiary"/>
    <tag k="name" v="Vittal Mallya Road"/>
    <tag k="name:etymology:wikidata" v="Q7937268"/>
    <tag k="name:kn" v="ವಿಠ್ಠಲ ಮಲ್ಯ ರಸ್ತೆ"/>
    <tag k="old_name" v="Grant Road"/>
    <tag k="oneway" v="yes"/>
    <tag k="surface" v="concrete"/>
  </way>
  <way id="1240447779">
    <nd ref="11524819561"/>
    <nd ref="11524819549"/>
    <nd ref="12461052146"/>
    <nd ref="11524819548"/>
    <nd ref="11524819547"/>
    <nd ref="11524819544"/>
    <nd ref="11524819545"/>
    <nd ref="11524819559"/>
    <nd ref="11524819551"/>
    <nd ref="11524819552"/>
    <nd ref="11524819553"/>
    <nd ref="11524819554"/>
    <nd ref="11524819560"/>
    <nd ref="11524819555"/>
    <nd ref="11524819556"/>
    <nd ref="11524819557"/>
    <nd ref="11524819558"/>
    <nd ref="11524819561"/>
    <tag k="area" v="yes"/>
    <tag k="area:highway" v="footway"/>
    <tag k="highway" v="footway"/>
  </way>
  <way id="1254858427">
    <nd ref="12673430221"/>
    <nd ref="12673430222"/>
    <nd ref="11665059307"/>
    <nd ref="11665059306"/>
    <nd ref="11665059305"/>
    <nd ref="11665059304"/>
    <tag k="highway" v="footway"/>
  </way>
  <way id="1254858429">
    <nd ref="11665059333"/>
    <nd ref="11665059331"/>
    <nd ref="11665059330"/>
    <nd ref="11665059329"/>
    <nd ref="11665059328"/>
    <nd ref="11665059327"/>
    <nd ref="11665059326"/>
    <nd ref="11665059325"/>
    <nd ref="11665059332"/>
    <nd ref="11665059324"/>
    <nd ref="11665059323"/>
    <nd ref="11665059322"/>
    <nd ref="11665059321"/>
    <nd ref="11665059320"/>
    <nd ref="11665059319"/>
    <nd ref="11665059318"/>
    <nd ref="11665059334"/>
    <nd ref="11665059310"/>
    <nd ref="11665059317"/>
    <nd ref="11665059316"/>
    <nd ref="11665059315"/>
    <nd ref="11665059314"/>
    <nd ref="11665059313"/>
    <nd ref="11665059312"/>
    <nd ref="11665059311"/>
    <nd ref="11665059333"/>
    <tag k="highway" v="footway"/>
  </way>
  <way id="1262778078">
    <nd ref="11732899882"/>
    <nd ref="11732899883"/>
    <nd ref="11732899884"/>
    <nd ref="11732899885"/>
    <nd ref="13447636735"/>
    <nd ref="11732899886"/>
    <nd ref="11732899887"/>
    <tag k="bicycle" v="designated"/>
    <tag k="cycleway:surface" v="concrete"/>
    <tag k="foot" v="designated"/>
    <tag k="footway:surface" v="paving_stones"/>
    <tag k="highway" v="path"/>
    <tag k="segregated" v="yes"/>
    <tag k="surface" v="paving_stones"/>
  </way>
  <way id="1270571360">
    <nd ref="11799154692"/>
    <nd ref="11799154693"/>
    <tag k="highway" v="footway"/>
  </way>
  <way id="1297594191">
    <nd ref="12121490938"/>
    <nd ref="12118965786"/>
    <nd ref="12121490941"/>
    <nd ref="12118965785"/>
    <nd ref="12118965784"/>
    <nd ref="12118965783"/>
    <nd ref="12118965782"/>
    <nd ref="12121490930"/>
    <nd ref="12118965781"/>
    <nd ref="12118965780"/>
    <nd ref="12119649278"/>
    <nd ref="12118965779"/>
    <nd ref="12118965778"/>
    <nd ref="12022180858"/>
    <nd ref="12022180863"/>
    <nd ref="12022180862"/>
    <nd ref="12022180861"/>
    <nd ref="12022180859"/>
    <nd ref="12022180860"/>
    <nd ref="12022180864"/>
    <nd ref="12118965727"/>
    <nd ref="12118965728"/>
    <nd ref="10137987849"/>
    <tag k="footway" v="sidewalk"/>
    <tag k="highway" v="footway"/>
    <tag k="surface" v="paving_stones"/>
  </way>
  <way id="1297594192">
    <nd ref="10038438808"/>
    <nd ref="10236025455"/>
    <nd ref="10236025444"/>
    <nd ref="12022218487"/>
    <nd ref="10038438807"/>
    <nd ref="12022218486"/>
    <nd ref="12118965777"/>
    <nd ref="12022218488"/>
    <tag k="bicycle" v="no"/>
    <tag k="footway" v="sidewalk"/>
    <tag k="highway" v="footway"/>
    <tag k="kerb" v="raised"/>
    <tag k="smoothness" v="good"/>
    <tag k="surface" v="paving_stones"/>
  </way>
  <way id="1297594193">
    <nd ref="12022218567"/>
    <nd ref="12022218566"/>
    <tag k="access" v="permissive"/>
    <tag k="construction" v="service"/>
    <tag k="highway" v="construction"/>
    <tag k="incline" v="up"/>
    <tag k="oneway" v="yes"/>
    <tag k="service" v="driveway"/>
  </way>
  <way id="1297594194">
    <nd ref="12022218568"/>
    <nd ref="12022218489"/>
    <tag k="access" v="permissive"/>
    <tag k="construction" v="service"/>
    <tag k="highway" v="construction"/>
    <tag k="incline" v="down"/>
    <tag k="oneway" v="yes"/>
    <tag k="service" v="driveway"/>
  </way>
  <way id="1297594195">
    <nd ref="12022218492"/>
    <nd ref="12022218490"/>
    <nd ref="12022218493"/>
    <nd ref="12022218491"/>
    <nd ref="12022218568"/>
    <tag k="access" v="permissive"/>
    <tag k="construction" v="service"/>
    <tag k="highway" v="construction"/>
    <tag k="oneway" v="yes"/>
    <tag k="service" v="driveway"/>
  </way>
  <way id="1297594200">
    <nd ref="12022218578"/>
    <nd ref="12022218486"/>
    <nd ref="12022218569"/>
    <nd ref="12022218492"/>
    <nd ref="12022218577"/>
    <nd ref="12022218574"/>
    <nd ref="12022218576"/>
    <nd ref="12022218573"/>
    <nd ref="12022218575"/>
    <nd ref="12022218579"/>
    <nd ref="12022218564"/>
    <nd ref="12022218571"/>
    <nd ref="12022218570"/>
    <nd ref="12022218572"/>
    <tag k="access" v="permissive"/>
    <tag k="construction" v="service"/>
    <tag k="highway" v="construction"/>
    <tag k="oneway" v="yes"/>
    <tag k="service" v="driveway"/>
  </way>
  <way id="1297594201">
    <nd ref="12022218585"/>
    <nd ref="12022218584"/>
    <nd ref="12022218581"/>
    <nd ref="12022218583"/>
    <nd ref="12022218580"/>
    <nd ref="12022218582"/>
    <nd ref="12022218579"/>
    <tag k="access" v="permissive"/>
    <tag k="construction" v="service"/>
    <tag k="highway" v="construction"/>
    <tag k="oneway" v="yes"/>
    <tag k="service" v="driveway"/>
  </way>
  <way id="1297594206">
    <nd ref="10038438808"/>
    <nd ref="10038438809"/>
    <nd ref="12121490945"/>
    <nd ref="10038438810"/>
    <nd ref="11425338183"/>
    <nd ref="11425338181"/>
    <nd ref="11425338186"/>
    <nd ref="12121490952"/>
    <nd ref="10038438811"/>
    <nd ref="12118965796"/>
    <nd ref="10038438812"/>
    <nd ref="10038438813"/>
    <nd ref="12526376806"/>
    <nd ref="12526376807"/>
    <nd ref="12118965739"/>
    <nd ref="10038438814"/>
    <tag k="bicycle" v="no"/>
    <tag k="footway" v="sidewalk"/>
    <tag k="highway" v="footway"/>
    <tag k="kerb" v="raised"/>
    <tag k="surface" v="paving_stones"/>
  </way>
  <way id="1303040690">
    <nd ref="3943327577"/>
    <nd ref="3943327573"/>
    <tag k="highway" v="secondary_link"/>
    <tag k="oneway" v="yes"/>
  </way>
  <way id="1307644487">
    <nd ref="661987299"/>
    <nd ref="12109661021"/>
    <nd ref="12109661020"/>
    <nd ref="12109661029"/>
    <nd ref="12109661028"/>
    <nd ref="12109661027"/>
    <nd ref="12109661026"/>
    <nd ref="12109661025"/>
    <nd ref="12109661024"/>
    <nd ref="12109661023"/>
    <nd ref="12109661022"/>
    <nd ref="12109661033"/>
    <nd ref="12109661032"/>
    <nd ref="12109661031"/>
    <nd ref="12109661030"/>
    <nd ref="12109661034"/>
    <nd ref="12109661035"/>
    <nd ref="12109661036"/>
    <nd ref="12109661037"/>
    <nd ref="12109661038"/>
    <nd ref="12109661039"/>
    <nd ref="12109661040"/>
    <nd ref="12109661041"/>
    <nd ref="12109661042"/>
    <nd ref="12111878826"/>
    <tag k="footway" v="sidewalk"/>
    <tag k="highway" v="footway"/>
    <tag k="smoothness" v="excellent"/>
    <tag k="surface" v="paving_stones"/>
    <tag k="tactile_paving" v="yes"/>
  </way>
  <way id="1308621813">
    <nd ref="10991656256"/>
    <nd ref="11425338170"/>
    <nd ref="12558269348"/>
    <tag k="highway" v="service"/>
    <tag k="oneway" v="yes"/>
  </way>
  <way id="1308628995">
    <nd ref="12119649274"/>
    <nd ref="12118748981"/>
    <nd ref="12118748982"/>
    <nd ref="12118748985"/>
    <nd ref="12118748987"/>
    <nd ref="12118748983"/>
    <nd ref="12118748980"/>
    <nd ref="12118748986"/>
    <tag k="access" v="permissive"/>
    <tag k="highway" v="service"/>
  </way>
  <way id="1308629004">
    <nd ref="2357083158"/>
    <nd ref="12433045727"/>
    <nd ref="2357083160"/>
    <nd ref="2357083159"/>
    <tag k="access" v="private"/>
    <tag k="highway" v="service"/>
    <tag k="service" v="driveway"/>
  </way>
  <way id="1308629005">
    <nd ref="2189718293"/>
    <nd ref="2357083158"/>
    <tag k="access" v="private"/>
    <tag k="highway" v="residential"/>
    <tag k="lanes" v="2"/>
    <tag k="source:access" v="sign"/>
    <tag k="surface" v="asphalt"/>
  </way>
  <way id="1308629011">
    <nd ref="12118752238"/>
    <nd ref="12118752237"/>
    <tag k="highway" v="living_street"/>
  </way>
  <way id="1308629012">
    <nd ref="12118752240"/>
    <nd ref="12118752239"/>
    <tag k="access" v="private"/>
    <tag k="highway" v="residential"/>
  </way>
  <way id="1308629013">
    <nd ref="12118752246"/>
    <nd ref="12118752242"/>
    <nd ref="12118752245"/>
    <nd ref="12118752244"/>
    <nd ref="12118752243"/>
    <tag k="access" v="private"/>
    <tag k="highway" v="service"/>
    <tag k="service" v="driveway"/>
  </way>
  <way id="1308629017">
    <nd ref="459815975"/>
    <nd ref="12119558737"/>
    <nd ref="12118752238"/>
    <nd ref="12119590736"/>
    <nd ref="12118752240"/>
    <nd ref="12118752264"/>
    <tag k="highway" v="residential"/>
    <tag k="lanes" v="2"/>
    <tag k="name" v="1st Cross Road"/>
    <tag k="name:kn" v="೧ನೇ ಅಡ್ಡ ರಸ್ತೆ"/>
    <tag k="smoothness" v="excellent"/>
    <tag k="surface" v="asphalt"/>
  </way>
  <way id="1308632309">
    <nd ref="12118791703"/>
    <nd ref="12118965796"/>
    <nd ref="12118791701"/>
    <nd ref="12118791702"/>
    <tag k="access" v="private"/>
    <tag k="highway" v="service"/>
    <tag k="service" v="driveway"/>
  </way>
  <way id="1308654696">
    <nd ref="12118965739"/>
    <nd ref="12118965740"/>
    <tag k="footway" v="sidewalk"/>
    <tag k="highway" v="footway"/>
    <tag k="surface" v="paving_stones"/>
  </way>
  <way id="1308654697">
    <nd ref="12118965740"/>
    <nd ref="12118965742"/>
    <nd ref="12118965741"/>
    <tag k="crossing" v="uncontrolled"/>
    <tag k="crossing:markings" v="zebra"/>
    <tag k="footway" v="crossing"/>
    <tag k="highway" v="footway"/>
  </way>
  <way id="1308654698">
    <nd ref="12118965743"/>
    <nd ref="12118965755"/>
    <nd ref="12118965746"/>
    <nd ref="13310352827"/>
    <nd ref="12118965747"/>
    <nd ref="12118965748"/>
    <nd ref="12118965754"/>
    <nd ref="12118965749"/>
    <nd ref="12118965753"/>
    <nd ref="12118965750"/>
    <nd ref="12118965751"/>
    <nd ref="12118965752"/>
    <tag k="footway" v="sidewalk"/>
    <tag k="highway" v="footway"/>
  </way>
  <way id="1308654699">
    <nd ref="12118965755"/>
    <nd ref="12118965741"/>
    <tag k="footway" v="sidewalk"/>
    <tag k="highway" v="footway"/>
    <tag k="surface" v="paving_stones"/>
  </way>
  <way id="1308654700">
    <nd ref="10038438814"/>
    <nd ref="12526376805"/>
    <nd ref="10295397907"/>
    <nd ref="10038438805"/>
    <nd ref="10295397889"/>
    <nd ref="10086531859"/>
    <nd ref="10038438802"/>
    <nd ref="10272932166"/>
    <nd ref="12022218570"/>
    <nd ref="13404513612"/>
    <nd ref="13404513636"/>
    <nd ref="12022218484"/>
    <nd ref="12022218483"/>
    <nd ref="12022218485"/>
    <nd ref="12022218482"/>
    <nd ref="12022218481"/>
    <nd ref="12022218488"/>
    <tag k="bicycle" v="no"/>
    <tag k="footway" v="sidewalk"/>
    <tag k="highway" v="footway"/>
    <tag k="kerb" v="raised"/>
    <tag k="smoothness" v="good"/>
    <tag k="surface" v="paving_stones"/>
  </way>
  <way id="1308654710">
    <nd ref="12118965788"/>
    <nd ref="12121490927"/>
    <nd ref="12118973703"/>
    <nd ref="12118973704"/>
    <nd ref="12118965789"/>
    <nd ref="12121490939"/>
    <nd ref="12118965790"/>
    <nd ref="12118965791"/>
    <nd ref="12121490932"/>
    <nd ref="12118965792"/>
    <nd ref="12118965793"/>
    <nd ref="12438699394"/>
    <nd ref="13423159928"/>
    <nd ref="13423159929"/>
    <nd ref="12118965794"/>
    <tag k="footway" v="sidewalk"/>
    <tag k="highway" v="footway"/>
    <tag k="smoothness" v="good"/>
    <tag k="surface" v="paving_stones"/>
  </way>
  <way id="1308726387">
    <nd ref="12119558724"/>
    <nd ref="12119558722"/>
    <nd ref="12119558723"/>
    <tag k="access" v="private"/>
    <tag k="highway" v="service"/>
    <tag k="service" v="driveway"/>
  </way>
  <way id="1308726389">
    <nd ref="12119558771"/>
    <nd ref="11506245560"/>
    <tag k="footway" v="sidewalk"/>
    <tag k="highway" v="footway"/>
  </way>
  <way id="1308726392">
    <nd ref="12118965752"/>
    <nd ref="12119558756"/>
    <nd ref="12119558755"/>
    <nd ref="12119558729"/>
    <nd ref="12119558754"/>
    <nd ref="12119558753"/>
    <nd ref="12119558752"/>
    <nd ref="12119558751"/>
    <nd ref="12119558731"/>
    <nd ref="12119558750"/>
    <nd ref="12119558749"/>
    <nd ref="12119558733"/>
    <nd ref="12119558748"/>
    <nd ref="12119558747"/>
    <nd ref="12119558735"/>
    <nd ref="12119558746"/>
    <nd ref="12119558745"/>
    <nd ref="12119558744"/>
    <nd ref="12119558743"/>
    <nd ref="12119558742"/>
    <nd ref="12119558741"/>
    <nd ref="12119558740"/>
    <tag k="footway" v="sidewalk"/>
    <tag k="highway" v="footway"/>
    <tag k="smoothness" v="good"/>
    <tag k="surface" v="paving_stones"/>
  </way>
  <way id="1308727314">
    <nd ref="12119590736"/>
    <nd ref="12119590734"/>
    <nd ref="12119590735"/>
    <tag k="access" v="private"/>
    <tag k="highway" v="service"/>
    <tag k="service" v="driveway"/>
  </way>
  <way id="1308728837">
    <nd ref="12119599761"/>
    <nd ref="1557700898"/>
    <tag k="access" v="private"/>
    <tag k="highway" v="service"/>
    <tag k="service" v="driveway"/>
  </way>
  <way id="1308734870">
    <nd ref="12119647583"/>
    <nd ref="12119649241"/>
    <tag k="highway" v="footway"/>
  </way>
  <way id="1308734877">
    <nd ref="12119649221"/>
    <nd ref="12119649224"/>
    <tag k="footway" v="sidewalk"/>
    <tag k="highway" v="footway"/>
  </way>
  <way id="1308734878">
    <nd ref="12119649223"/>
    <nd ref="12119649222"/>
    <tag k="footway" v="sidewalk"/>
    <tag k="highway" v="footway"/>
  </way>
  <way id="1308734879">
    <nd ref="12119649224"/>
    <nd ref="12119649220"/>
    <nd ref="12119649223"/>
    <tag k="crossing" v="uncontrolled"/>
    <tag k="crossing:island" v="no"/>
    <tag k="crossing:markings" v="yes"/>
    <tag k="footway" v="crossing"/>
    <tag k="highway" v="footway"/>
    <tag k="surface" v="paving_stones"/>
    <tag k="tactile_paving" v="no"/>
  </way>
  <way id="1308734881">
    <nd ref="12119649232"/>
    <nd ref="12119649229"/>
    <nd ref="12119649230"/>
    <tag k="crossing" v="uncontrolled"/>
    <tag k="crossing:markings" v="zebra"/>
    <tag k="footway" v="crossing"/>
    <tag k="highway" v="footway"/>
    <tag k="surface" v="asphalt"/>
  </way>
  <way id="1308734882">
    <nd ref="12119649231"/>
    <nd ref="12119649230"/>
    <tag k="footway" v="sidewalk"/>
    <tag k="highway" v="footway"/>
    <tag k="surface" v="paving_stones"/>
  </way>
  <way id="1308734883">
    <nd ref="12119649233"/>
    <nd ref="12119649232"/>
    <tag k="footway" v="sidewalk"/>
    <tag k="highway" v="footway"/>
    <tag k="surface" v="paving_stones"/>
  </way>
  <way id="1308734884">
    <nd ref="12119649242"/>
    <nd ref="12119649239"/>
    <nd ref="12119649240"/>
    <tag k="crossing" v="uncontrolled"/>
    <tag k="crossing:markings" v="zebra"/>
    <tag k="footway" v="crossing"/>
    <tag k="highway" v="footway"/>
    <tag k="surface" v="asphalt"/>
    <tag k="tactile_paving" v="no"/>
  </way>
  <way id="1308734885">
    <nd ref="12119649241"/>
    <nd ref="12119649240"/>
    <tag k="footway" v="sidewalk"/>
    <tag k="highway" v="footway"/>
    <tag k="surface" v="paving_stones"/>
  </way>
  <way id="1308734886">
    <nd ref="12119649243"/>
    <nd ref="12119649242"/>
    <tag k="footway" v="sidewalk"/>
    <tag k="highway" v="footway"/>
    <tag k="surface" v="paving_stones"/>
  </way>
  <way id="1308734887">
    <nd ref="12119649245"/>
    <nd ref="11425338147"/>
    <tag k="footway" v="sidewalk"/>
    <tag k="highway" v="footway"/>
    <tag k="surface" v="paving_stones"/>
  </way>
  <way id="1308734888">
    <nd ref="12119649246"/>
    <nd ref="12119649244"/>
    <nd ref="12119649245"/>
    <tag k="crossing" v="uncontrolled"/>
    <tag k="crossing:markings" v="zebra"/>
    <tag k="footway" v="crossing"/>
    <tag k="highway" v="footway"/>
  </way>
  <way id="1308734889">
    <nd ref="12119649247"/>
    <nd ref="12119649249"/>
    <tag k="footway" v="sidewalk"/>
    <tag k="highway" v="footway"/>
  </way>
  <way id="1308734890">
    <nd ref="12119649250"/>
    <nd ref="12558269346"/>
    <nd ref="12119649248"/>
    <nd ref="12119649249"/>
    <tag k="crossing" v="uncontrolled"/>
    <tag k="crossing:markings" v="yes"/>
    <tag k="footway" v="crossing"/>
    <tag k="highway" v="footway"/>
  </way>
  <way id="1308734891">
    <nd ref="12119649251"/>
    <nd ref="12119649250"/>
    <tag k="footway" v="sidewalk"/>
    <tag k="highway" v="footway"/>
  </way>
  <way id="1308734892">
    <nd ref="12119649256"/>
    <nd ref="12119649252"/>
    <tag k="highway" v="service"/>
    <tag k="service" v="driveway"/>
  </way>
  <way id="1308734893">
    <nd ref="12119649252"/>
    <nd ref="12119649255"/>
    <nd ref="12119649254"/>
    <nd ref="12119649253"/>
    <tag k="access" v="permissive"/>
    <tag k="highway" v="service"/>
    <tag k="incline" v="down"/>
    <tag k="service" v="driveway"/>
  </way>
  <way id="1308946214">
    <nd ref="12121490927"/>
    <nd ref="12121490928"/>
    <tag k="footway" v="sidewalk"/>
    <tag k="highway" v="footway"/>
  </way>
  <way id="1308946215">
    <nd ref="12121490928"/>
    <nd ref="12121490931"/>
    <nd ref="12121490929"/>
    <tag k="crossing" v="unmarked"/>
    <tag k="crossing:markings" v="no"/>
    <tag k="footway" v="crossing"/>
    <tag k="highway" v="footway"/>
  </way>
  <way id="1308946216">
    <nd ref="12121490929"/>
    <nd ref="12121490930"/>
    <tag k="footway" v="sidewalk"/>
    <tag k="highway" v="footway"/>
  </way>
  <way id="1308946217">
    <nd ref="12121490932"/>
    <nd ref="12121490933"/>
    <tag k="footway" v="sidewalk"/>
    <tag k="highway" v="footway"/>
  </way>
  <way id="1308946218">
    <nd ref="12121490934"/>
    <nd ref="12121490935"/>
    <tag k="footway" v="sidewalk"/>
    <tag k="highway" v="footway"/>
  </way>
  <way id="1308946219">
    <nd ref="12121490933"/>
    <nd ref="12121490936"/>
    <nd ref="12121490935"/>
    <tag k="crossing" v="unmarked"/>
    <tag k="crossing:markings" v="no"/>
    <tag k="footway" v="crossing"/>
    <tag k="highway" v="footway"/>
  </way>
  <way id="1308946220">
    <nd ref="2189718324"/>
    <nd ref="12121490937"/>
    <tag k="footway" v="sidewalk"/>
    <tag k="highway" v="footway"/>
    <tag k="surface" v="paving_stones"/>
  </way>
  <way id="1308946221">
    <nd ref="12121490937"/>
    <nd ref="12118965787"/>
    <nd ref="12121490938"/>
    <tag k="crossing" v="unmarked"/>
    <tag k="crossing:markings" v="no"/>
    <tag k="footway" v="crossing"/>
    <tag k="highway" v="footway"/>
    <tag k="surface" v="asphalt"/>
  </way>
  <way id="1308946222">
    <nd ref="12121490939"/>
    <nd ref="12121490940"/>
    <tag k="footway" v="sidewalk"/>
    <tag k="highway" v="footway"/>
  </way>
  <way id="1308946223">
    <nd ref="12121490941"/>
    <nd ref="12121490942"/>
    <tag k="footway" v="sidewalk"/>
    <tag k="highway" v="footway"/>
  </way>
  <way id="1308946224">
    <nd ref="12121490940"/>
    <nd ref="12121490943"/>
    <nd ref="12121490942"/>
    <tag k="crossing" v="unmarked"/>
    <tag k="crossing:markings" v="no"/>
    <tag k="footway" v="crossing"/>
    <tag k="highway" v="footway"/>
  </way>
  <way id="1308946225">
    <nd ref="11425338201"/>
    <nd ref="12121490944"/>
    <tag k="footway" v="sidewalk"/>
    <tag k="highway" v="footway"/>
  </way>
  <way id="1308946226">
    <nd ref="12121490945"/>
    <nd ref="12121490946"/>
    <tag k="footway" v="sidewalk"/>
    <tag k="highway" v="footway"/>
  </way>
  <way id="1308946227">
    <nd ref="12121490946"/>
    <nd ref="12121490947"/>
    <nd ref="12121490944"/>
    <tag k="crossing" v="unmarked"/>
    <tag k="crossing:markings" v="no"/>
    <tag k="footway" v="crossing"/>
    <tag k="highway" v="footway"/>
  </way>
  <way id="1308946228">
    <nd ref="12121490948"/>
    <nd ref="12121490949"/>
    <tag k="footway" v="sidewalk"/>
    <tag k="highway" v="footway"/>
  </way>
  <way id="1308946229">
    <nd ref="12121490949"/>
    <nd ref="12121490951"/>
    <nd ref="12121490950"/>
    <tag k="crossing" v="unmarked"/>
    <tag k="crossing:markings" v="no"/>
    <tag k="footway" v="crossing"/>
    <tag k="highway" v="footway"/>
  </way>
  <way id="1308946230">
    <nd ref="12121490950"/>
    <nd ref="12121490952"/>
    <tag k="footway" v="sidewalk"/>
    <tag k="highway" v="footway"/>
  </way>
  <way id="1311235440">
    <nd ref="10060658437"/>
    <nd ref="9796225993"/>
    <nd ref="10060658439"/>
    <nd ref="10068998590"/>
    <nd ref="10068998591"/>
    <nd ref="12137524970"/>
    <tag k="access" v="permissive"/>
    <tag k="highway" v="service"/>
  </way>
  <way id="1313141949">
    <nd ref="3343549668"/>
    <nd ref="13459508961"/>
    <nd ref="3343549669"/>
    <nd ref="13459508930"/>
    <nd ref="3343549683"/>
    <nd ref="12154652307"/>
    <tag k="highway" v="service"/>
    <tag k="surface" v="paving_stones"/>
  </way>
  <way id="1313141950">
    <nd ref="12154652307"/>
    <nd ref="3343549688"/>
    <nd ref="3343549795"/>
    <nd ref="12154652308"/>
    <tag k="highway" v="service"/>
    <tag k="tunnel" v="building_passage"/>
  </way>
  <way id="1317160284">
    <nd ref="12190248433"/>
    <nd ref="12190248434"/>
    <nd ref="12201861625"/>
    <nd ref="12190248435"/>
    <nd ref="12190248436"/>
    <nd ref="12190248437"/>
    <nd ref="12190248438"/>
    <nd ref="12190248439"/>
    <nd ref="12190248440"/>
    <nd ref="12190248441"/>
    <nd ref="12190248442"/>
    <nd ref="12201861624"/>
    <nd ref="12190248443"/>
    <nd ref="661987299"/>
    <tag k="footway" v="sidewalk"/>
    <tag k="highway" v="footway"/>
  </way>
  <way id="1317160288">
    <nd ref="12190248432"/>
    <nd ref="12190248464"/>
    <nd ref="12190248463"/>
    <tag k="crossing" v="unmarked"/>
    <tag k="crossing:markings" v="no"/>
    <tag k="footway" v="crossing"/>
    <tag k="highway" v="footway"/>
  </way>
  <way id="1317160289">
    <nd ref="12190248463"/>
    <nd ref="12190248465"/>
    <nd ref="12190248466"/>
    <nd ref="12190248467"/>
    <nd ref="12190248468"/>
    <nd ref="12190248469"/>
    <nd ref="12190248473"/>
    <nd ref="12190248470"/>
    <nd ref="12190248471"/>
    <nd ref="677286845"/>
    <nd ref="12190248474"/>
    <nd ref="12190248475"/>
    <nd ref="12190248476"/>
    <nd ref="12190248477"/>
    <tag k="footway" v="sidewalk"/>
    <tag k="highway" v="footway"/>
    <tag k="surface" v="paving_stones"/>
  </way>
  <way id="1317160290">
    <nd ref="12190248478"/>
    <nd ref="12190248479"/>
    <nd ref="12190248480"/>
    <nd ref="12190248481"/>
    <nd ref="12190248482"/>
    <nd ref="12190248483"/>
    <nd ref="12190248484"/>
    <nd ref="12190248485"/>
    <nd ref="12190248486"/>
    <nd ref="12190248487"/>
    <nd ref="12190248488"/>
    <nd ref="12190250139"/>
    <nd ref="12190248489"/>
    <nd ref="12190248490"/>
    <nd ref="12190248491"/>
    <nd ref="12190248492"/>
    <nd ref="12190248493"/>
    <nd ref="12190248494"/>
    <tag k="footway" v="sidewalk"/>
    <tag k="highway" v="footway"/>
    <tag k="surface" v="paving_stones"/>
    <tag k="tactile_paving" v="yes"/>
  </way>
  <way id="1317160298">
    <nd ref="12190250137"/>
    <nd ref="661987274"/>
    <nd ref="12190250138"/>
    <tag k="crossing" v="uncontrolled"/>
    <tag k="crossing:markings" v="yes"/>
    <tag k="footway" v="crossing"/>
    <tag k="highway" v="footway"/>
  </way>
  <way id="1317160299">
    <nd ref="12190250139"/>
    <nd ref="12190250138"/>
    <tag k="footway" v="sidewalk"/>
    <tag k="highway" v="footway"/>
  </way>
  <way id="1343714128">
    <nd ref="14103099679"/>
    <nd ref="14103099672"/>
    <nd ref="14103099669"/>
    <nd ref="14103099678"/>
    <nd ref="14103099677"/>
    <nd ref="14103099676"/>
    <tag k="access" v="private"/>
    <tag k="highway" v="service"/>
    <tag k="service" v="parking_aisle"/>
  </way>
  <way id="1343714130">
    <nd ref="12433045734"/>
    <nd ref="12433045733"/>
    <nd ref="12433045731"/>
    <nd ref="10290817600"/>
    <tag k="access" v="private"/>
    <tag k="highway" v="service"/>
  </way>
  <way id="1343714131">
    <nd ref="10086861528"/>
    <nd ref="12433045740"/>
    <tag k="highway" v="service"/>
  </way>
  <way id="1343714132">
    <nd ref="12433045741"/>
    <nd ref="12433045776"/>
    <nd ref="12433045750"/>
    <nd ref="12433045743"/>
    <tag k="highway" v="service"/>
    <tag k="service" v="parking_aisle"/>
  </way>
  <way id="1343714134">
    <nd ref="12433045750"/>
    <nd ref="12433045751"/>
    <tag k="highway" v="service"/>
    <tag k="service" v="parking_aisle"/>
  </way>
  <way id="1343714135">
    <nd ref="12433045752"/>
    <nd ref="12433045753"/>
    <nd ref="13973794434"/>
    <nd ref="12433045754"/>
    <nd ref="12433045755"/>
    <tag k="highway" v="service"/>
    <tag k="service" v="parking_aisle"/>
  </way>
  <way id="1344547642">
    <nd ref="12438699393"/>
    <nd ref="13459537794"/>
    <nd ref="12438699391"/>
    <nd ref="13459537806"/>
    <nd ref="12438699392"/>
    <tag k="access" v="private"/>
    <tag k="highway" v="service"/>
    <tag k="service" v="driveway"/>
  </way>
  <way id="1347106633">
    <nd ref="12461052147"/>
    <nd ref="12461052148"/>
    <nd ref="12461052145"/>
    <nd ref="12461052146"/>
    <tag k="highway" v="footway"/>
  </way>
  <way id="1347245636">
    <nd ref="12119558771"/>
    <nd ref="12119558770"/>
    <nd ref="12119558768"/>
    <nd ref="12119558767"/>
    <nd ref="12119558730"/>
    <nd ref="12119558766"/>
    <nd ref="12119558765"/>
    <nd ref="12119558732"/>
    <nd ref="12119558764"/>
    <nd ref="12119558734"/>
    <nd ref="12119558763"/>
    <nd ref="12462450425"/>
    <tag k="footway" v="sidewalk"/>
    <tag k="highway" v="footway"/>
    <tag k="smoothness" v="good"/>
    <tag k="surface" v="paving_stones"/>
  </way>
  <way id="1347245637">
    <nd ref="12462450425"/>
    <nd ref="12119558737"/>
    <nd ref="12462450426"/>
    <tag k="crossing" v="unmarked"/>
    <tag k="crossing:markings" v="no"/>
    <tag k="footway" v="crossing"/>
    <tag k="highway" v="footway"/>
    <tag k="smoothness" v="good"/>
    <tag k="surface" v="paving_stones"/>
  </way>
  <way id="1347245638">
    <nd ref="12462450428"/>
    <nd ref="12462450429"/>
    <tag k="footway" v="sidewalk"/>
    <tag k="highway" v="footway"/>
  </way>
  <way id="1347245639">
    <nd ref="12462450430"/>
    <nd ref="12462450431"/>
    <tag k="footway" v="sidewalk"/>
    <tag k="highway" v="footway"/>
  </way>
  <way id="1347245640">
    <nd ref="12462450431"/>
    <nd ref="12462450432"/>
    <nd ref="12558269345"/>
    <nd ref="12462450429"/>
    <tag k="crossing" v="uncontrolled"/>
    <tag k="crossing:markings" v="zebra"/>
    <tag k="footway" v="crossing"/>
    <tag k="highway" v="footway"/>
    <tag k="surface" v="concrete"/>
  </way>
  <way id="1347246053">
    <nd ref="12190248477"/>
    <nd ref="12462431258"/>
    <nd ref="12462431259"/>
    <nd ref="12462431260"/>
    <nd ref="12462431261"/>
    <tag k="footway" v="sidewalk"/>
    <tag k="highway" v="footway"/>
    <tag k="surface" v="paving_stones"/>
  </way>
  <way id="1347246054">
    <nd ref="12462431262"/>
    <nd ref="12462431263"/>
    <nd ref="12462431264"/>
    <nd ref="12462431265"/>
    <nd ref="12462431266"/>
    <nd ref="12462431267"/>
    <nd ref="12462431268"/>
    <nd ref="12462431269"/>
    <nd ref="12462431270"/>
    <nd ref="12462431271"/>
    <nd ref="12462431272"/>
    <nd ref="12462431273"/>
    <nd ref="12462431274"/>
    <nd ref="12462431275"/>
    <nd ref="12462431276"/>
    <nd ref="12462431277"/>
    <nd ref="12462431278"/>
    <nd ref="12462431279"/>
    <nd ref="12669376167"/>
    <nd ref="12462431280"/>
    <nd ref="12462431281"/>
    <nd ref="12462431282"/>
    <nd ref="12462431283"/>
    <nd ref="12462431284"/>
    <nd ref="12462431285"/>
    <nd ref="12462431286"/>
    <nd ref="12462431287"/>
    <tag k="footway" v="sidewalk"/>
    <tag k="highway" v="footway"/>
    <tag k="surface" v="paving_stones"/>
  </way>
  <way id="1347246055">
    <nd ref="12109661027"/>
    <nd ref="12462431288"/>
    <tag k="footway" v="sidewalk"/>
    <tag k="highway" v="footway"/>
  </way>
  <way id="1347246056">
    <nd ref="12462431288"/>
    <nd ref="4017403929"/>
    <nd ref="12462431289"/>
    <tag k="crossing" v="uncontrolled"/>
    <tag k="crossing:markings" v="yes"/>
    <tag k="footway" v="crossing"/>
    <tag k="highway" v="footway"/>
  </way>
  <way id="1353666166">
    <nd ref="12526376801"/>
    <nd ref="12526376804"/>
    <tag k="footway" v="sidewalk"/>
    <tag k="highway" v="footway"/>
    <tag k="surface" v="paving_stones"/>
  </way>
  <way id="1353666167">
    <nd ref="12526376805"/>
    <nd ref="12526376802"/>
    <tag k="footway" v="sidewalk"/>
    <tag k="highway" v="footway"/>
    <tag k="surface" v="paving_stones"/>
  </way>
  <way id="1353666168">
    <nd ref="12526376802"/>
    <nd ref="12526376803"/>
    <nd ref="12526376801"/>
    <tag k="crossing" v="uncontrolled"/>
    <tag k="crossing:markings" v="zebra"/>
    <tag k="footway" v="crossing"/>
    <tag k="highway" v="footway"/>
  </way>
  <way id="1353666169">
    <nd ref="12526376811"/>
    <nd ref="12526376806"/>
    <nd ref="12526376808"/>
    <nd ref="12526376810"/>
    <tag k="access" v="private"/>
    <tag k="highway" v="service"/>
    <tag k="service" v="driveway"/>
  </way>
  <way id="1353666170">
    <nd ref="12526376813"/>
    <nd ref="12526376807"/>
    <nd ref="12526376809"/>
    <nd ref="12526376812"/>
    <tag k="access" v="private"/>
    <tag k="highway" v="service"/>
    <tag k="service" v="driveway"/>
  </way>
  <way id="1356841809">
    <nd ref="12558269342"/>
    <nd ref="248459840"/>
    <tag k="highway" v="tertiary"/>
    <tag k="lanes" v="2"/>
    <tag k="name" v="Walton Road"/>
    <tag k="surface" v="asphalt"/>
  </way>
  <way id="1356841810">
    <nd ref="12558269349"/>
    <nd ref="12558269340"/>
    <nd ref="12558269343"/>
    <nd ref="12558269341"/>
    <nd ref="12558269342"/>
    <nd ref="12637796153"/>
    <nd ref="12637796154"/>
    <nd ref="12637796155"/>
    <nd ref="12637796156"/>
    <nd ref="10060517433"/>
    <tag k="bicycle" v="yes"/>
    <tag k="foot" v="designated"/>
    <tag k="highway" v="tertiary"/>
    <tag k="name" v="Vittal Mallya Road"/>
    <tag k="name:etymology:wikidata" v="Q7937268"/>
    <tag k="name:kn" v="ವಿಠ್ಠಲ ಮಲ್ಯ ರಸ್ತೆ"/>
    <tag k="old_name" v="Grant Road"/>
    <tag k="oneway" v="yes"/>
    <tag k="smoothness" v="excellent"/>
    <tag k="surface" v="concrete"/>
  </way>
  <way id="1364673359">
    <nd ref="10060517433"/>
    <nd ref="12637796157"/>
    <nd ref="12462450435"/>
    <nd ref="248459840"/>
    <tag k="highway" v="tertiary"/>
    <tag k="lanes" v="2"/>
    <tag k="name" v="Vittal Mallya Road"/>
    <tag k="name:etymology:wikidata" v="Q7937268"/>
    <tag k="name:kn" v="ಲಾವೆಲ್ ರಸ್ತೆ"/>
    <tag k="old_name" v="Grant Road"/>
    <tag k="oneway" v="yes"/>
    <tag k="sidewalk:both" v="yes"/>
    <tag k="surface" v="asphalt"/>
  </way>
  <way id="1368046448">
    <nd ref="12669651431"/>
    <nd ref="12669651430"/>
    <tag k="highway" v="footway"/>
  </way>
  <way id="1368046449">
    <nd ref="12669651432"/>
    <nd ref="12669651431"/>
    <tag k="bridge" v="yes"/>
    <tag k="highway" v="footway"/>
    <tag k="layer" v="1"/>
  </way>
  <way id="1368046450">
    <nd ref="12669651433"/>
    <nd ref="12669651432"/>
    <tag k="highway" v="footway"/>
  </way>
  <way id="1368046451">
    <nd ref="3701772946"/>
    <nd ref="12669651435"/>
    <nd ref="12712748541"/>
    <nd ref="12669651434"/>
    <nd ref="12672290809"/>
    <nd ref="12672290806"/>
    <tag k="highway" v="footway"/>
    <tag k="surface" v="ground"/>
  </way>
  <way id="1368046454">
    <nd ref="661987305"/>
    <nd ref="12669651447"/>
    <nd ref="12669651446"/>
    <nd ref="661987273"/>
    <tag k="highway" v="footway"/>
  </way>
  <way id="1368422460">
    <nd ref="12673430227"/>
    <nd ref="11665059309"/>
    <tag k="bridge" v="yes"/>
    <tag k="highway" v="footway"/>
    <tag k="layer" v="1"/>
  </way>
  <way id="1368422461">
    <nd ref="11665059310"/>
    <nd ref="12673430227"/>
    <tag k="highway" v="footway"/>
  </way>
  <way id="1372985167">
    <nd ref="12712748539"/>
    <nd ref="12712748538"/>
    <tag k="highway" v="footway"/>
  </way>
  <way id="1372985168">
    <nd ref="12712748540"/>
    <nd ref="12712748539"/>
    <tag k="highway" v="steps"/>
    <tag k="incline" v="up"/>
  </way>
  <way id="1372985169">
    <nd ref="12712748526"/>
    <nd ref="12712748527"/>
    <nd ref="12712748528"/>
    <nd ref="12712748529"/>
    <nd ref="12712748530"/>
    <nd ref="12712748531"/>
    <nd ref="12712748532"/>
    <nd ref="12712748533"/>
    <nd ref="12712748534"/>
    <nd ref="12712748535"/>
    <nd ref="12712748536"/>
    <nd ref="12712748537"/>
    <nd ref="12712748541"/>
    <nd ref="12712748540"/>
    <tag k="highway" v="footway"/>
  </way>
  <way id="1382297459">
    <nd ref="12797816409"/>
    <nd ref="13459537795"/>
    <nd ref="12797816411"/>
    <nd ref="13459537805"/>
    <nd ref="12797816410"/>
    <tag k="highway" v="service"/>
    <tag k="service" v="driveway"/>
  </way>
  <way id="1387723071">
    <nd ref="12846334634"/>
    <nd ref="12846334633"/>
    <tag k="footway" v="sidewalk"/>
    <tag k="highway" v="footway"/>
    <tag k="smoothness" v="good"/>
    <tag k="surface" v="paving_stones"/>
  </way>
  <way id="1387723072">
    <nd ref="12846334631"/>
    <nd ref="12846334630"/>
    <tag k="footway" v="sidewalk"/>
    <tag k="highway" v="footway"/>
    <tag k="smoothness" v="good"/>
    <tag k="surface" v="paving_stones"/>
  </way>
  <way id="1387723073">
    <nd ref="12846334633"/>
    <nd ref="12846334632"/>
    <nd ref="12846334631"/>
    <tag k="crossing" v="uncontrolled"/>
    <tag k="footway" v="crossing"/>
    <tag k="highway" v="footway"/>
  </way>
  <way id="1421715811">
    <nd ref="10060517416"/>
    <nd ref="13065062913"/>
    <tag k="highway" v="service"/>
  </way>
  <way id="1422250267">
    <nd ref="4017403934"/>
    <nd ref="456209066"/>
    <nd ref="286964744"/>
    <nd ref="663309918"/>
    <nd ref="249088221"/>
    <nd ref="677286832"/>
    <tag k="access" v="permissive"/>
    <tag k="bicycle" v="no"/>
    <tag k="bicycle:conditional" v="yes @ (Mo-Su 08:00-21:00)"/>
    <tag k="cycleway" v="no"/>
    <tag k="foot" v="yes"/>
    <tag k="highway" v="unclassified"/>
    <tag k="honking" v="no"/>
    <tag k="lanes" v="2"/>
    <tag k="lit" v="yes"/>
    <tag k="maxspeed" v="20"/>
    <tag k="motor_vehicle:conditional" v="yes @ (Mo-Sa 08:00-21:00)"/>
    <tag k="note" v="Vehicular Traffic Allowed only between - 8AM to 9PM from Monday to Saturday. Sunday Vehicles not permitted."/>
    <tag k="oneway" v="yes"/>
    <tag k="surface" v="asphalt"/>
  </way>
  <way id="1422250268">
    <nd ref="663309952"/>
    <nd ref="4017403934"/>
    <tag k="access" v="permissive"/>
    <tag k="bicycle" v="no"/>
    <tag k="bicycle:conditional" v="yes @ (Mo-Su 08:00-21:00)"/>
    <tag k="cycleway" v="no"/>
    <tag k="foot" v="yes"/>
    <tag k="highway" v="unclassified"/>
    <tag k="honking" v="no"/>
    <tag k="lanes" v="2"/>
    <tag k="lit" v="yes"/>
    <tag k="maxspeed" v="20"/>
    <tag k="motor_vehicle:conditional" v="yes @ (Mo-Sa 08:00-21:00)"/>
    <tag k="note" v="Vehicular Traffic Allowed only between - 8AM to 9PM from Monday to Saturday. Sunday Vehicles not permitted."/>
    <tag k="oneway" v="yes"/>
    <tag k="surface" v="asphalt"/>
  </way>
  <way id="1422250269">
    <nd ref="4017403934"/>
    <nd ref="3307263061"/>
    <tag k="access" v="permissive"/>
    <tag k="bicycle" v="no"/>
    <tag k="bicycle:conditional" v="yes @ (Mo-Su 08:00-21:00)"/>
    <tag k="cycleway" v="no"/>
    <tag k="foot" v="yes"/>
    <tag k="highway" v="unclassified"/>
    <tag k="lanes" v="2"/>
    <tag k="motor_vehicle:conditional" v="yes @ (Mo-Sa 08:00-21:00)"/>
    <tag k="note" v="Vehicular Traffic Allowed only between - 8AM to 9PM from Monday to Saturday. Sunday Vehicles not permitted."/>
    <tag k="oneway" v="yes"/>
    <tag k="surface" v="asphalt"/>
  </way>
  <way id="1459047320">
    <nd ref="12462450426"/>
    <nd ref="12119558762"/>
    <nd ref="12119558761"/>
    <tag k="footway" v="sidewalk"/>
    <tag k="highway" v="footway"/>
    <tag k="smoothness" v="good"/>
    <tag k="surface" v="paving_stones"/>
  </way>
  <way id="1466162866">
    <nd ref="11425338122"/>
    <nd ref="11732899881"/>
    <nd ref="11732899882"/>
    <tag k="footway" v="sidewalk"/>
    <tag k="highway" v="footway"/>
    <tag k="surface" v="paving_stones"/>
  </way>
  <way id="1467492970">
    <nd ref="13459508924"/>
    <nd ref="13459508925"/>
    <tag k="access" v="permissive"/>
    <tag k="bridge" v="yes"/>
    <tag k="highway" v="service"/>
    <tag k="layer" v="1"/>
  </way>
  <way id="1467492971">
    <nd ref="3343549648"/>
    <nd ref="13459508924"/>
    <tag k="access" v="permissive"/>
    <tag k="highway" v="service"/>
  </way>
  <way id="1467492972">
    <nd ref="13459508968"/>
    <nd ref="13459508967"/>
    <nd ref="13459508966"/>
    <nd ref="13459508965"/>
    <nd ref="13459508964"/>
    <nd ref="13459508963"/>
    <nd ref="13459508962"/>
    <nd ref="13459508961"/>
    <nd ref="13459508960"/>
    <nd ref="13459508959"/>
    <nd ref="13459508958"/>
    <nd ref="13459508957"/>
    <nd ref="13459508956"/>
    <nd ref="11819678533"/>
    <nd ref="11819678530"/>
    <nd ref="13459508955"/>
    <nd ref="13459508954"/>
    <nd ref="13459508953"/>
    <nd ref="11819678537"/>
    <nd ref="11819678534"/>
    <nd ref="13459508952"/>
    <nd ref="13459508951"/>
    <nd ref="13459508950"/>
    <nd ref="13459508949"/>
    <nd ref="13459508948"/>
    <nd ref="13459508947"/>
    <nd ref="13459508946"/>
    <nd ref="13459508945"/>
    <nd ref="13459508944"/>
    <nd ref="13459508943"/>
    <nd ref="13459508942"/>
    <nd ref="13459508941"/>
    <nd ref="13459508940"/>
    <nd ref="13459508939"/>
    <nd ref="13459508938"/>
    <nd ref="13459508937"/>
    <nd ref="13459508936"/>
    <nd ref="3943327580"/>
    <nd ref="3943327581"/>
    <nd ref="246472362"/>
    <nd ref="13459508935"/>
    <nd ref="13459508934"/>
    <nd ref="13459508908"/>
    <nd ref="13459508926"/>
    <nd ref="13459508933"/>
    <nd ref="13459508927"/>
    <nd ref="10753340364"/>
    <nd ref="3343549646"/>
    <nd ref="2189683206"/>
    <nd ref="3343549649"/>
    <nd ref="13459537780"/>
    <nd ref="13459508932"/>
    <nd ref="3343549654"/>
    <nd ref="663309991"/>
    <nd ref="3343549658"/>
    <nd ref="13459508931"/>
    <nd ref="3343549670"/>
    <nd ref="13459508930"/>
    <nd ref="13459508929"/>
    <nd ref="3343549793"/>
    <nd ref="663561812"/>
    <nd ref="663561811"/>
    <nd ref="663931665"/>
    <nd ref="13459508928"/>
    <nd ref="13459508968"/>
    <tag k="area" v="yes"/>
    <tag k="highway" v="footway"/>
    <tag k="surface" v="paving_stones"/>
  </way>
  <way id="1467492973">
    <nd ref="13459537726"/>
    <nd ref="13459537727"/>
    <nd ref="13459537725"/>
    <nd ref="13459537724"/>
    <nd ref="13459537723"/>
    <nd ref="13459537722"/>
    <nd ref="13459537721"/>
    <nd ref="13459537720"/>
    <nd ref="13459537719"/>
    <nd ref="13459537718"/>
    <nd ref="13459537717"/>
    <nd ref="13459537716"/>
    <nd ref="13459537715"/>
    <nd ref="13459537714"/>
    <nd ref="13459537713"/>
    <nd ref="13459537712"/>
    <nd ref="13459537711"/>
    <nd ref="13459537710"/>
    <nd ref="13459537709"/>
    <nd ref="13459537708"/>
    <nd ref="13459537707"/>
    <nd ref="13459537706"/>
    <nd ref="13459537705"/>
    <nd ref="13459509000"/>
    <nd ref="13459508999"/>
    <nd ref="13459508998"/>
    <nd ref="13459508997"/>
    <nd ref="13459508996"/>
    <nd ref="13459508995"/>
    <nd ref="13459508994"/>
    <nd ref="13459508993"/>
    <nd ref="13459508992"/>
    <nd ref="13459508991"/>
    <nd ref="13459508990"/>
    <nd ref="13459508989"/>
    <nd ref="13459508988"/>
    <nd ref="13459508987"/>
    <nd ref="13459508986"/>
    <nd ref="13459508985"/>
    <nd ref="13459508971"/>
    <nd ref="13459508970"/>
    <nd ref="13459508984"/>
    <nd ref="13459508983"/>
    <nd ref="13459508982"/>
    <nd ref="2189683201"/>
    <nd ref="11342928944"/>
    <nd ref="1232939387"/>
    <nd ref="1232939382"/>
    <nd ref="13459508981"/>
    <nd ref="13459508980"/>
    <nd ref="10290842818"/>
    <nd ref="13459537701"/>
    <nd ref="663568588"/>
    <nd ref="13459508979"/>
    <nd ref="13459508978"/>
    <nd ref="2189718277"/>
    <nd ref="13459508977"/>
    <nd ref="13459508976"/>
    <nd ref="13459508975"/>
    <nd ref="13459508909"/>
    <nd ref="13459508974"/>
    <nd ref="13459508973"/>
    <nd ref="11124342671"/>
    <nd ref="11124342670"/>
    <nd ref="13459508972"/>
    <nd ref="2189718301"/>
    <nd ref="13459537784"/>
    <nd ref="2189718302"/>
    <nd ref="13459537726"/>
    <tag k="area" v="yes"/>
    <tag k="footway" v="sidewalk"/>
    <tag k="highway" v="footway"/>
    <tag k="surface" v="paving_stones"/>
  </way>
  <way id="1467492974">
    <nd ref="13459537803"/>
    <nd ref="11342975221"/>
    <nd ref="13459537727"/>
    <tag k="footway" v="crossing"/>
    <tag k="highway" v="footway"/>
    <tag k="smoothness" v="good"/>
    <tag k="surface" v="asphalt"/>
  </way>
  <way id="1467492975">
    <nd ref="6834406262"/>
    <nd ref="11342975260"/>
    <nd ref="11342975230"/>
    <nd ref="12438699391"/>
    <nd ref="13780598664"/>
    <nd ref="13780598665"/>
    <nd ref="12797816411"/>
    <nd ref="11350643473"/>
    <nd ref="11021534174"/>
    <nd ref="11342975224"/>
    <nd ref="11342975225"/>
    <nd ref="10991527882"/>
    <nd ref="10279647104"/>
    <nd ref="11342975220"/>
    <nd ref="13459537803"/>
    <tag k="footway" v="sidewalk"/>
    <tag k="highway" v="footway"/>
    <tag k="lit" v="yes"/>
    <tag k="smoothness" v="good"/>
    <tag k="surface" v="paving_stones"/>
  </way>
  <way id="1467492977">
    <nd ref="663568645"/>
    <nd ref="13459537808"/>
    <nd ref="11342975229"/>
    <nd ref="13459537807"/>
    <nd ref="663568641"/>
    <nd ref="10295411739"/>
    <nd ref="13459537806"/>
    <nd ref="13459537805"/>
    <nd ref="11021534173"/>
    <nd ref="10279647100"/>
    <nd ref="10279647098"/>
    <nd ref="11342928946"/>
    <nd ref="13459537804"/>
    <nd ref="11342975222"/>
    <nd ref="9796460464"/>
    <nd ref="2189718304"/>
    <nd ref="13459537803"/>
    <nd ref="13459537802"/>
    <nd ref="13459537801"/>
    <nd ref="13459537785"/>
    <nd ref="13459537800"/>
    <nd ref="13459537799"/>
    <nd ref="13459537798"/>
    <nd ref="13459537797"/>
    <nd ref="13459537796"/>
    <nd ref="13459537795"/>
    <nd ref="13459537794"/>
    <nd ref="13459537793"/>
    <nd ref="13459537792"/>
    <nd ref="13459537791"/>
    <nd ref="11342975227"/>
    <nd ref="13459537790"/>
    <nd ref="13459537789"/>
    <nd ref="13459537788"/>
    <nd ref="6834406261"/>
    <nd ref="13459537787"/>
    <nd ref="13459537786"/>
    <nd ref="13423159929"/>
    <nd ref="663568645"/>
    <tag k="area" v="yes"/>
    <tag k="highway" v="footway"/>
    <tag k="surface" v="paving_stones"/>
  </way>
  <way id="1497018665">
    <nd ref="13711257120"/>
    <nd ref="13711257119"/>
    <tag k="highway" v="footway"/>
  </way>
  <way id="1506845832">
    <nd ref="13780598662"/>
    <nd ref="13780598653"/>
    <nd ref="13780598654"/>
    <nd ref="13780598655"/>
    <nd ref="13780598656"/>
    <nd ref="13780598657"/>
    <nd ref="13780598658"/>
    <nd ref="13780598659"/>
    <nd ref="13780598660"/>
    <nd ref="13780598663"/>
    <tag k="highway" v="service"/>
    <tag k="oneway" v="yes"/>
    <tag k="tunnel" v="building_passage"/>
  </way>
  <way id="1506845834">
    <nd ref="13780598663"/>
    <nd ref="13780598665"/>
    <nd ref="13780598661"/>
    <tag k="highway" v="service"/>
    <tag k="oneway" v="yes"/>
  </way>
  <way id="1512666760">
    <nd ref="13821898844"/>
    <nd ref="12119558753"/>
    <nd ref="5340711532"/>
    <tag k="highway" v="residential"/>
    <tag k="name" v="5th Cross Road"/>
    <tag k="name:kn" v="೫ನೇ ಅಡ್ಡ ರಸ್ತೆ"/>
    <tag k="name:ur" v="5 ویں کراس روڈ"/>
  </way>
  <way id="1512666766">
    <nd ref="13821904871"/>
    <nd ref="13821904851"/>
    <nd ref="13821904850"/>
    <nd ref="13821904868"/>
    <tag k="access" v="private"/>
    <tag k="highway" v="service"/>
  </way>
  <way id="1512666768">
    <nd ref="13821904864"/>
    <nd ref="13821904863"/>
    <nd ref="13821904862"/>
    <nd ref="13821904865"/>
    <tag k="access" v="private"/>
    <tag k="highway" v="service"/>
  </way>
  <way id="1512666769">
    <nd ref="13821904885"/>
    <nd ref="13821904882"/>
    <nd ref="13821904881"/>
    <nd ref="13821904884"/>
    <nd ref="13821904880"/>
    <nd ref="13821904879"/>
    <nd ref="13821904878"/>
    <nd ref="13821904883"/>
    <nd ref="13821904877"/>
    <nd ref="13821904876"/>
    <nd ref="13821904875"/>
    <nd ref="13821904874"/>
    <nd ref="13821904872"/>
    <nd ref="13821904873"/>
    <nd ref="13821904885"/>
    <tag k="area" v="yes"/>
    <tag k="highway" v="pedestrian"/>
  </way>
  <way id="1512666770">
    <nd ref="13821904894"/>
    <nd ref="13821904893"/>
    <nd ref="13821904892"/>
    <nd ref="13821904891"/>
    <nd ref="13821904889"/>
    <nd ref="13821904890"/>
    <nd ref="13821904888"/>
    <nd ref="13821904887"/>
    <nd ref="13821904886"/>
    <nd ref="13821904897"/>
    <tag k="access" v="private"/>
    <tag k="highway" v="service"/>
    <tag k="oneway" v="yes"/>
  </way>
  <way id="1512666771">
    <nd ref="4960826810"/>
    <nd ref="13821904903"/>
    <nd ref="13821904902"/>
    <nd ref="13821904901"/>
    <nd ref="13821904900"/>
    <nd ref="13821904899"/>
    <nd ref="13821904898"/>
    <nd ref="13821904897"/>
    <nd ref="13821904896"/>
    <nd ref="13821904895"/>
    <tag k="access" v="private"/>
    <tag k="highway" v="service"/>
    <tag k="oneway" v="yes"/>
  </way>
  <way id="1518081920">
    <nd ref="13856078474"/>
    <nd ref="13856078475"/>
    <tag k="highway" v="residential"/>
  </way>
  <way id="1550571388">
    <nd ref="14103099722"/>
    <nd ref="14103099720"/>
    <nd ref="14103099721"/>
    <nd ref="10086861517"/>
    <nd ref="10086861519"/>
    <tag k="access" v="private"/>
    <tag k="highway" v="service"/>
  </way>
  <way id="1550571402">
    <nd ref="14103099623"/>
    <nd ref="10086861518"/>
    <nd ref="14103099621"/>
    <nd ref="14103099620"/>
    <nd ref="14103099619"/>
    <nd ref="14103099622"/>
    <tag k="access" v="private"/>
    <tag k="highway" v="service"/>
  </way>
  <way id="1550571404">
    <nd ref="14103099668"/>
    <nd ref="14103099667"/>
    <nd ref="14103099666"/>
    <nd ref="14103099665"/>
    <tag k="access" v="private"/>
    <tag k="highway" v="service"/>
    <tag k="service" v="parking_aisle"/>
  </way>
  <way id="1550571405">
    <nd ref="14103099672"/>
    <nd ref="14103099671"/>
    <nd ref="14103099670"/>
    <nd ref="14103099669"/>
    <tag k="access" v="private"/>
    <tag k="highway" v="service"/>
    <tag k="service" v="parking_aisle"/>
  </way>
  <way id="1550571406">
    <nd ref="14103099675"/>
    <nd ref="14103099674"/>
    <nd ref="14103099673"/>
    <nd ref="14103099677"/>
    <tag k="access" v="private"/>
    <tag k="highway" v="service"/>
    <tag k="service" v="parking_aisle"/>
  </way>
  <way id="1550571407">
    <nd ref="14103099681"/>
    <nd ref="14103099680"/>
    <tag k="access" v="private"/>
    <tag k="highway" v="service"/>
  </way>
  <way id="1550571411">
    <nd ref="6751891699"/>
    <nd ref="14103099691"/>
    <nd ref="6751891697"/>
    <nd ref="6751891696"/>
    <nd ref="6751891694"/>
    <nd ref="14103099730"/>
    <nd ref="10086858716"/>
    <nd ref="3343340243"/>
    <tag k="access" v="private"/>
    <tag k="highway" v="service"/>
  </way>
  <way id="1550571413">
    <nd ref="10774605386"/>
    <nd ref="14103099731"/>
    <nd ref="14103099730"/>
    <tag k="access" v="private"/>
    <tag k="highway" v="service"/>
  </way>
  <way id="1551001627">
    <nd ref="4058224799"/>
    <nd ref="248459849"/>
    <tag k="highway" v="secondary"/>
    <tag k="name" v="Kasturba Road"/>
    <tag k="name:kn" v="ಕಸ್ತೂರ್ಬಾ ರಸ್ತೆ"/>
    <tag k="oneway" v="yes"/>
    <tag k="sidewalk" v="separate"/>
    <tag k="surface" v="asphalt"/>
  </way>

</osm>
